LapNumber,LapTime,Sector1Time,Sector2Time,Sector3Time,Compound,TyreLife,LapTimeSec,Sector1Sec,Sector2Sec,Sector3Sec,Driver,Year,GP
1.0,0 days 00:01:39.019000,,0 days 00:00:42.414000,0 days 00:00:23.842000,SOFT,4.0,99.019,,42.414,23.842,VER,2023,Bahrain
2.0,0 days 00:01:37.974000,0 days 00:00:31.342000,0 days 00:00:42.504000,0 days 00:00:24.128000,SOFT,5.0,97.974,31.342,42.504,24.128,VER,2023,Bahrain
3.0,0 days 00:01:38.006000,0 days 00:00:31.388000,0 days 00:00:42.469000,0 days 00:00:24.149000,SOFT,6.0,98.006,31.388,42.469,24.149,VER,2023,Bahrain
4.0,0 days 00:01:37.976000,0 days 00:00:31.271000,0 days 00:00:42.642000,0 days 00:00:24.063000,SOFT,7.0,97.976,31.271,42.642,24.063,VER,2023,Bahrain
5.0,0 days 00:01:38.035000,0 days 00:00:31.244000,0 days 00:00:42.724000,0 days 00:00:24.067000,SOFT,8.0,98.035,31.244,42.724,24.067,VER,2023,Bahrain
6.0,0 days 00:01:37.986000,0 days 00:00:31.341000,0 days 00:00:42.632000,0 days 00:00:24.013000,SOFT,9.0,97.986,31.341,42.632,24.013,VER,2023,Bahrain
7.0,0 days 00:01:38.021000,0 days 00:00:31.290000,0 days 00:00:42.763000,0 days 00:00:23.968000,SOFT,10.0,98.021,31.29,42.763,23.968,VER,2023,Bahrain
8.0,0 days 00:01:38.154000,0 days 00:00:31.291000,0 days 00:00:42.833000,0 days 00:00:24.030000,SOFT,11.0,98.154,31.291,42.833,24.03,VER,2023,Bahrain
9.0,0 days 00:01:38.278000,0 days 00:00:31.336000,0 days 00:00:42.823000,0 days 00:00:24.119000,SOFT,12.0,98.278,31.336,42.823,24.119,VER,2023,Bahrain
10.0,0 days 00:01:38.369000,0 days 00:00:31.361000,0 days 00:00:42.884000,0 days 00:00:24.124000,SOFT,13.0,98.369,31.361,42.884,24.124,VER,2023,Bahrain
11.0,0 days 00:01:38.483000,0 days 00:00:31.342000,0 days 00:00:42.978000,0 days 00:00:24.163000,SOFT,14.0,98.483,31.342,42.978,24.163,VER,2023,Bahrain
12.0,0 days 00:01:38.591000,0 days 00:00:31.408000,0 days 00:00:42.951000,0 days 00:00:24.232000,SOFT,15.0,98.591,31.408,42.951,24.232,VER,2023,Bahrain
13.0,0 days 00:01:38.482000,0 days 00:00:31.389000,0 days 00:00:42.907000,0 days 00:00:24.186000,SOFT,16.0,98.482,31.389,42.907,24.186,VER,2023,Bahrain
14.0,0 days 00:01:41.295000,0 days 00:00:31.427000,0 days 00:00:42.876000,0 days 00:00:26.992000,SOFT,17.0,101.295,31.427,42.876,26.992,VER,2023,Bahrain
16.0,0 days 00:01:37.801000,0 days 00:00:31.209000,0 days 00:00:42.711000,0 days 00:00:23.881000,SOFT,2.0,97.801,31.209,42.711,23.881,VER,2023,Bahrain
17.0,0 days 00:01:37.648000,0 days 00:00:31.170000,0 days 00:00:42.623000,0 days 00:00:23.855000,SOFT,3.0,97.648,31.17,42.623,23.855,VER,2023,Bahrain
18.0,0 days 00:01:37.614000,0 days 00:00:31.211000,0 days 00:00:42.569000,0 days 00:00:23.834000,SOFT,4.0,97.614,31.211,42.569,23.834,VER,2023,Bahrain
19.0,0 days 00:01:37.712000,0 days 00:00:31.243000,0 days 00:00:42.608000,0 days 00:00:23.861000,SOFT,5.0,97.712,31.243,42.608,23.861,VER,2023,Bahrain
20.0,0 days 00:01:37.788000,0 days 00:00:31.186000,0 days 00:00:42.766000,0 days 00:00:23.836000,SOFT,6.0,97.788,31.186,42.766,23.836,VER,2023,Bahrain
21.0,0 days 00:01:37.582000,0 days 00:00:31.168000,0 days 00:00:42.572000,0 days 00:00:23.842000,SOFT,7.0,97.582,31.168,42.572,23.842,VER,2023,Bahrain
22.0,0 days 00:01:37.651000,0 days 00:00:31.224000,0 days 00:00:42.548000,0 days 00:00:23.879000,SOFT,8.0,97.651,31.224,42.548,23.879,VER,2023,Bahrain
23.0,0 days 00:01:37.552000,0 days 00:00:31.153000,0 days 00:00:42.514000,0 days 00:00:23.885000,SOFT,9.0,97.552,31.153,42.514,23.885,VER,2023,Bahrain
24.0,0 days 00:01:37.387000,0 days 00:00:31.145000,0 days 00:00:42.398000,0 days 00:00:23.844000,SOFT,10.0,97.387,31.145,42.398,23.844,VER,2023,Bahrain
25.0,0 days 00:01:37.372000,0 days 00:00:31.145000,0 days 00:00:42.344000,0 days 00:00:23.883000,SOFT,11.0,97.372,31.145,42.344,23.883,VER,2023,Bahrain
26.0,0 days 00:01:37.682000,0 days 00:00:31.213000,0 days 00:00:42.533000,0 days 00:00:23.936000,SOFT,12.0,97.682,31.213,42.533,23.936,VER,2023,Bahrain
27.0,0 days 00:01:37.379000,0 days 00:00:31.079000,0 days 00:00:42.349000,0 days 00:00:23.951000,SOFT,13.0,97.379,31.079,42.349,23.951,VER,2023,Bahrain
28.0,0 days 00:01:37.651000,0 days 00:00:31.112000,0 days 00:00:42.554000,0 days 00:00:23.985000,SOFT,14.0,97.651,31.112,42.554,23.985,VER,2023,Bahrain
29.0,0 days 00:01:37.571000,0 days 00:00:31.045000,0 days 00:00:42.533000,0 days 00:00:23.993000,SOFT,15.0,97.571,31.045,42.533,23.993,VER,2023,Bahrain
30.0,0 days 00:01:37.549000,0 days 00:00:31.185000,0 days 00:00:42.443000,0 days 00:00:23.921000,SOFT,16.0,97.549,31.185,42.443,23.921,VER,2023,Bahrain
31.0,0 days 00:01:37.431000,0 days 00:00:31.040000,0 days 00:00:42.464000,0 days 00:00:23.927000,SOFT,17.0,97.431,31.04,42.464,23.927,VER,2023,Bahrain
32.0,0 days 00:01:37.691000,0 days 00:00:31.139000,0 days 00:00:42.523000,0 days 00:00:24.029000,SOFT,18.0,97.691,31.139,42.523,24.029,VER,2023,Bahrain
33.0,0 days 00:01:37.686000,0 days 00:00:31.112000,0 days 00:00:42.505000,0 days 00:00:24.069000,SOFT,19.0,97.686,31.112,42.505,24.069,VER,2023,Bahrain
34.0,0 days 00:01:37.839000,0 days 00:00:31.129000,0 days 00:00:42.615000,0 days 00:00:24.095000,SOFT,20.0,97.839,31.129,42.615,24.095,VER,2023,Bahrain
35.0,0 days 00:01:37.850000,0 days 00:00:31.211000,0 days 00:00:42.500000,0 days 00:00:24.139000,SOFT,21.0,97.85,31.211,42.5,24.139,VER,2023,Bahrain
36.0,0 days 00:01:40.964000,0 days 00:00:31.350000,0 days 00:00:42.582000,0 days 00:00:27.032000,SOFT,22.0,100.964,31.35,42.582,27.032,VER,2023,Bahrain
38.0,0 days 00:01:36.297000,0 days 00:00:31.034000,0 days 00:00:41.772000,0 days 00:00:23.491000,HARD,2.0,96.297,31.034,41.772,23.491,VER,2023,Bahrain
39.0,0 days 00:01:36.446000,0 days 00:00:30.818000,0 days 00:00:42.125000,0 days 00:00:23.503000,HARD,3.0,96.446,30.818,42.125,23.503,VER,2023,Bahrain
40.0,0 days 00:01:36.942000,0 days 00:00:31.175000,0 days 00:00:42.247000,0 days 00:00:23.520000,HARD,4.0,96.942,31.175,42.247,23.52,VER,2023,Bahrain
43.0,0 days 00:01:36.890000,0 days 00:00:31.130000,0 days 00:00:42.295000,0 days 00:00:23.465000,HARD,7.0,96.89,31.13,42.295,23.465,VER,2023,Bahrain
44.0,0 days 00:01:36.236000,0 days 00:00:30.783000,0 days 00:00:42.005000,0 days 00:00:23.448000,HARD,8.0,96.236,30.783,42.005,23.448,VER,2023,Bahrain
45.0,0 days 00:01:37.015000,0 days 00:00:31.079000,0 days 00:00:42.221000,0 days 00:00:23.715000,HARD,9.0,97.015,31.079,42.221,23.715,VER,2023,Bahrain
46.0,0 days 00:01:36.701000,0 days 00:00:31.030000,0 days 00:00:42.003000,0 days 00:00:23.668000,HARD,10.0,96.701,31.03,42.003,23.668,VER,2023,Bahrain
47.0,0 days 00:01:37.009000,0 days 00:00:31.094000,0 days 00:00:42.205000,0 days 00:00:23.710000,HARD,11.0,97.009,31.094,42.205,23.71,VER,2023,Bahrain
48.0,0 days 00:01:36.918000,0 days 00:00:31.010000,0 days 00:00:42.199000,0 days 00:00:23.709000,HARD,12.0,96.918,31.01,42.199,23.709,VER,2023,Bahrain
49.0,0 days 00:01:36.962000,0 days 00:00:31.124000,0 days 00:00:42.026000,0 days 00:00:23.812000,HARD,13.0,96.962,31.124,42.026,23.812,VER,2023,Bahrain
50.0,0 days 00:01:37.250000,0 days 00:00:31.070000,0 days 00:00:42.375000,0 days 00:00:23.805000,HARD,14.0,97.25,31.07,42.375,23.805,VER,2023,Bahrain
51.0,0 days 00:01:37.427000,0 days 00:00:31.154000,0 days 00:00:42.202000,0 days 00:00:24.071000,HARD,15.0,97.427,31.154,42.202,24.071,VER,2023,Bahrain
52.0,0 days 00:01:36.919000,0 days 00:00:31.033000,0 days 00:00:42.133000,0 days 00:00:23.753000,HARD,16.0,96.919,31.033,42.133,23.753,VER,2023,Bahrain
53.0,0 days 00:01:36.890000,0 days 00:00:30.906000,0 days 00:00:42.217000,0 days 00:00:23.767000,HARD,17.0,96.89,30.906,42.217,23.767,VER,2023,Bahrain
54.0,0 days 00:01:36.678000,0 days 00:00:30.988000,0 days 00:00:41.938000,0 days 00:00:23.752000,HARD,18.0,96.678,30.988,41.938,23.752,VER,2023,Bahrain
55.0,0 days 00:01:36.322000,0 days 00:00:30.964000,0 days 00:00:41.747000,0 days 00:00:23.611000,HARD,19.0,96.322,30.964,41.747,23.611,VER,2023,Bahrain
56.0,0 days 00:01:37.205000,0 days 00:00:31.091000,0 days 00:00:42.270000,0 days 00:00:23.844000,HARD,20.0,97.205,31.091,42.27,23.844,VER,2023,Bahrain
57.0,0 days 00:01:36.373000,0 days 00:00:30.960000,0 days 00:00:41.763000,0 days 00:00:23.650000,HARD,21.0,96.373,30.96,41.763,23.65,VER,2023,Bahrain
1.0,0 days 00:01:40.230000,,0 days 00:00:42.549000,0 days 00:00:24.122000,SOFT,1.0,100.23,,42.549,24.122,LEC,2023,Bahrain
2.0,0 days 00:01:38.750000,0 days 00:00:31.407000,0 days 00:00:43.127000,0 days 00:00:24.216000,SOFT,2.0,98.75,31.407,43.127,24.216,LEC,2023,Bahrain
3.0,0 days 00:01:38.658000,0 days 00:00:31.238000,0 days 00:00:43.103000,0 days 00:00:24.317000,SOFT,3.0,98.658,31.238,43.103,24.317,LEC,2023,Bahrain
4.0,0 days 00:01:38.825000,0 days 00:00:31.402000,0 days 00:00:43.150000,0 days 00:00:24.273000,SOFT,4.0,98.825,31.402,43.15,24.273,LEC,2023,Bahrain
5.0,0 days 00:01:38.664000,0 days 00:00:31.543000,0 days 00:00:42.943000,0 days 00:00:24.178000,SOFT,5.0,98.664,31.543,42.943,24.178,LEC,2023,Bahrain
6.0,0 days 00:01:38.572000,0 days 00:00:31.444000,0 days 00:00:43.037000,0 days 00:00:24.091000,SOFT,6.0,98.572,31.444,43.037,24.091,LEC,2023,Bahrain
7.0,0 days 00:01:38.691000,0 days 00:00:31.441000,0 days 00:00:43.080000,0 days 00:00:24.170000,SOFT,7.0,98.691,31.441,43.08,24.17,LEC,2023,Bahrain
8.0,0 days 00:01:38.614000,0 days 00:00:31.438000,0 days 00:00:42.977000,0 days 00:00:24.199000,SOFT,8.0,98.614,31.438,42.977,24.199,LEC,2023,Bahrain
9.0,0 days 00:01:38.828000,0 days 00:00:31.503000,0 days 00:00:43.090000,0 days 00:00:24.235000,SOFT,9.0,98.828,31.503,43.09,24.235,LEC,2023,Bahrain
10.0,0 days 00:01:39.073000,0 days 00:00:31.510000,0 days 00:00:43.274000,0 days 00:00:24.289000,SOFT,10.0,99.073,31.51,43.274,24.289,LEC,2023,Bahrain
11.0,0 days 00:01:39.212000,0 days 00:00:31.556000,0 days 00:00:43.280000,0 days 00:00:24.376000,SOFT,11.0,99.212,31.556,43.28,24.376,LEC,2023,Bahrain
12.0,0 days 00:01:39.489000,0 days 00:00:31.597000,0 days 00:00:43.406000,0 days 00:00:24.486000,SOFT,12.0,99.489,31.597,43.406,24.486,LEC,2023,Bahrain
13.0,0 days 00:01:42.068000,0 days 00:00:31.703000,0 days 00:00:43.481000,0 days 00:00:26.884000,SOFT,13.0,102.068,31.703,43.481,26.884,LEC,2023,Bahrain
15.0,0 days 00:01:38.477000,0 days 00:00:31.261000,0 days 00:00:43.184000,0 days 00:00:24.032000,HARD,2.0,98.477,31.261,43.184,24.032,LEC,2023,Bahrain
16.0,0 days 00:01:37.953000,0 days 00:00:30.859000,0 days 00:00:42.965000,0 days 00:00:24.129000,HARD,3.0,97.953,30.859,42.965,24.129,LEC,2023,Bahrain
17.0,0 days 00:01:38.031000,0 days 00:00:31.312000,0 days 00:00:42.722000,0 days 00:00:23.997000,HARD,4.0,98.031,31.312,42.722,23.997,LEC,2023,Bahrain
18.0,0 days 00:01:37.798000,0 days 00:00:31.207000,0 days 00:00:42.696000,0 days 00:00:23.895000,HARD,5.0,97.798,31.207,42.696,23.895,LEC,2023,Bahrain
19.0,0 days 00:01:37.858000,0 days 00:00:31.149000,0 days 00:00:42.743000,0 days 00:00:23.966000,HARD,6.0,97.858,31.149,42.743,23.966,LEC,2023,Bahrain
20.0,0 days 00:01:37.631000,0 days 00:00:31.166000,0 days 00:00:42.561000,0 days 00:00:23.904000,HARD,7.0,97.631,31.166,42.561,23.904,LEC,2023,Bahrain
21.0,0 days 00:01:37.753000,0 days 00:00:31.114000,0 days 00:00:42.726000,0 days 00:00:23.913000,HARD,8.0,97.753,31.114,42.726,23.913,LEC,2023,Bahrain
22.0,0 days 00:01:38.162000,0 days 00:00:31.499000,0 days 00:00:42.618000,0 days 00:00:24.045000,HARD,9.0,98.162,31.499,42.618,24.045,LEC,2023,Bahrain
23.0,0 days 00:01:38.054000,0 days 00:00:31.209000,0 days 00:00:42.950000,0 days 00:00:23.895000,HARD,10.0,98.054,31.209,42.95,23.895,LEC,2023,Bahrain
24.0,0 days 00:01:37.972000,0 days 00:00:31.197000,0 days 00:00:42.742000,0 days 00:00:24.033000,HARD,11.0,97.972,31.197,42.742,24.033,LEC,2023,Bahrain
25.0,0 days 00:01:38.541000,0 days 00:00:31.344000,0 days 00:00:43.046000,0 days 00:00:24.151000,HARD,12.0,98.541,31.344,43.046,24.151,LEC,2023,Bahrain
26.0,0 days 00:01:39.668000,0 days 00:00:32.247000,0 days 00:00:43.143000,0 days 00:00:24.278000,HARD,13.0,99.668,32.247,43.143,24.278,LEC,2023,Bahrain
27.0,0 days 00:01:38.814000,0 days 00:00:31.412000,0 days 00:00:43.168000,0 days 00:00:24.234000,HARD,14.0,98.814,31.412,43.168,24.234,LEC,2023,Bahrain
28.0,0 days 00:01:38.618000,0 days 00:00:31.382000,0 days 00:00:43.081000,0 days 00:00:24.155000,HARD,15.0,98.618,31.382,43.081,24.155,LEC,2023,Bahrain
29.0,0 days 00:01:38.447000,0 days 00:00:31.394000,0 days 00:00:42.964000,0 days 00:00:24.089000,HARD,16.0,98.447,31.394,42.964,24.089,LEC,2023,Bahrain
30.0,0 days 00:01:38.390000,0 days 00:00:31.339000,0 days 00:00:42.887000,0 days 00:00:24.164000,HARD,17.0,98.39,31.339,42.887,24.164,LEC,2023,Bahrain
31.0,0 days 00:01:38.746000,0 days 00:00:31.444000,0 days 00:00:43.121000,0 days 00:00:24.181000,HARD,18.0,98.746,31.444,43.121,24.181,LEC,2023,Bahrain
32.0,0 days 00:01:38.948000,0 days 00:00:31.506000,0 days 00:00:43.272000,0 days 00:00:24.170000,HARD,19.0,98.948,31.506,43.272,24.17,LEC,2023,Bahrain
33.0,0 days 00:01:41.323000,0 days 00:00:31.464000,0 days 00:00:43.248000,0 days 00:00:26.611000,HARD,20.0,101.323,31.464,43.248,26.611,LEC,2023,Bahrain
35.0,0 days 00:01:38.073000,0 days 00:00:31.528000,0 days 00:00:42.729000,0 days 00:00:23.816000,HARD,2.0,98.073,31.528,42.729,23.816,LEC,2023,Bahrain
36.0,0 days 00:01:37.313000,0 days 00:00:31.070000,0 days 00:00:42.615000,0 days 00:00:23.628000,HARD,3.0,97.313,31.07,42.615,23.628,LEC,2023,Bahrain
37.0,0 days 00:01:37.170000,0 days 00:00:31.070000,0 days 00:00:42.385000,0 days 00:00:23.715000,HARD,4.0,97.17,31.07,42.385,23.715,LEC,2023,Bahrain
38.0,0 days 00:01:37.170000,0 days 00:00:31.091000,0 days 00:00:42.444000,0 days 00:00:23.635000,HARD,5.0,97.17,31.091,42.444,23.635,LEC,2023,Bahrain
39.0,0 days 00:01:37.287000,0 days 00:00:31.103000,0 days 00:00:42.564000,0 days 00:00:23.620000,HARD,6.0,97.287,31.103,42.564,23.62,LEC,2023,Bahrain
1.0,0 days 00:01:42.288000,,0 days 00:00:43.494000,0 days 00:00:24.338000,SOFT,4.0,102.288,,43.494,24.338,HAM,2023,Bahrain
2.0,0 days 00:01:39.166000,0 days 00:00:31.408000,0 days 00:00:43.352000,0 days 00:00:24.406000,SOFT,5.0,99.166,31.408,43.352,24.406,HAM,2023,Bahrain
3.0,0 days 00:01:39.220000,0 days 00:00:31.298000,0 days 00:00:43.499000,0 days 00:00:24.423000,SOFT,6.0,99.22,31.298,43.499,24.423,HAM,2023,Bahrain
4.0,0 days 00:01:39.198000,0 days 00:00:31.315000,0 days 00:00:43.446000,0 days 00:00:24.437000,SOFT,7.0,99.198,31.315,43.446,24.437,HAM,2023,Bahrain
5.0,0 days 00:01:39.335000,0 days 00:00:31.350000,0 days 00:00:43.508000,0 days 00:00:24.477000,SOFT,8.0,99.335,31.35,43.508,24.477,HAM,2023,Bahrain
6.0,0 days 00:01:39.756000,0 days 00:00:31.434000,0 days 00:00:43.751000,0 days 00:00:24.571000,SOFT,9.0,99.756,31.434,43.751,24.571,HAM,2023,Bahrain
7.0,0 days 00:01:39.757000,0 days 00:00:31.480000,0 days 00:00:43.664000,0 days 00:00:24.613000,SOFT,10.0,99.757,31.48,43.664,24.613,HAM,2023,Bahrain
8.0,0 days 00:01:40.267000,0 days 00:00:31.718000,0 days 00:00:43.820000,0 days 00:00:24.729000,SOFT,11.0,100.267,31.718,43.82,24.729,HAM,2023,Bahrain
9.0,0 days 00:01:40.323000,0 days 00:00:31.893000,0 days 00:00:43.776000,0 days 00:00:24.654000,SOFT,12.0,100.323,31.893,43.776,24.654,HAM,2023,Bahrain
10.0,0 days 00:01:40.289000,0 days 00:00:31.649000,0 days 00:00:43.985000,0 days 00:00:24.655000,SOFT,13.0,100.289,31.649,43.985,24.655,HAM,2023,Bahrain
11.0,0 days 00:01:40.752000,0 days 00:00:31.823000,0 days 00:00:44.205000,0 days 00:00:24.724000,SOFT,14.0,100.752,31.823,44.205,24.724,HAM,2023,Bahrain
14.0,0 days 00:01:38.308000,0 days 00:00:30.783000,0 days 00:00:43.351000,0 days 00:00:24.174000,HARD,2.0,98.308,30.783,43.351,24.174,HAM,2023,Bahrain
15.0,0 days 00:01:38.527000,0 days 00:00:31.230000,0 days 00:00:43.259000,0 days 00:00:24.038000,HARD,3.0,98.527,31.23,43.259,24.038,HAM,2023,Bahrain
16.0,0 days 00:01:38.617000,0 days 00:00:31.162000,0 days 00:00:43.414000,0 days 00:00:24.041000,HARD,4.0,98.617,31.162,43.414,24.041,HAM,2023,Bahrain
17.0,0 days 00:01:38.704000,0 days 00:00:31.160000,0 days 00:00:43.372000,0 days 00:00:24.172000,HARD,5.0,98.704,31.16,43.372,24.172,HAM,2023,Bahrain
18.0,0 days 00:01:38.690000,0 days 00:00:31.263000,0 days 00:00:43.262000,0 days 00:00:24.165000,HARD,6.0,98.69,31.263,43.262,24.165,HAM,2023,Bahrain
19.0,0 days 00:01:38.684000,0 days 00:00:31.294000,0 days 00:00:43.297000,0 days 00:00:24.093000,HARD,7.0,98.684,31.294,43.297,24.093,HAM,2023,Bahrain
20.0,0 days 00:01:38.478000,0 days 00:00:31.163000,0 days 00:00:43.227000,0 days 00:00:24.088000,HARD,8.0,98.478,31.163,43.227,24.088,HAM,2023,Bahrain
21.0,0 days 00:01:38.581000,0 days 00:00:31.151000,0 days 00:00:43.350000,0 days 00:00:24.080000,HARD,9.0,98.581,31.151,43.35,24.08,HAM,2023,Bahrain
22.0,0 days 00:01:38.460000,0 days 00:00:31.336000,0 days 00:00:43.109000,0 days 00:00:24.015000,HARD,10.0,98.46,31.336,43.109,24.015,HAM,2023,Bahrain
23.0,0 days 00:01:38.384000,0 days 00:00:31.164000,0 days 00:00:43.210000,0 days 00:00:24.010000,HARD,11.0,98.384,31.164,43.21,24.01,HAM,2023,Bahrain
24.0,0 days 00:01:38.367000,0 days 00:00:31.202000,0 days 00:00:43.079000,0 days 00:00:24.086000,HARD,12.0,98.367,31.202,43.079,24.086,HAM,2023,Bahrain
25.0,0 days 00:01:38.290000,0 days 00:00:31.209000,0 days 00:00:42.970000,0 days 00:00:24.111000,HARD,13.0,98.29,31.209,42.97,24.111,HAM,2023,Bahrain
26.0,0 days 00:01:38.339000,0 days 00:00:31.345000,0 days 00:00:42.890000,0 days 00:00:24.104000,HARD,14.0,98.339,31.345,42.89,24.104,HAM,2023,Bahrain
27.0,0 days 00:01:38.369000,0 days 00:00:31.379000,0 days 00:00:42.864000,0 days 00:00:24.126000,HARD,15.0,98.369,31.379,42.864,24.126,HAM,2023,Bahrain
28.0,0 days 00:01:38.265000,0 days 00:00:31.232000,0 days 00:00:42.845000,0 days 00:00:24.188000,HARD,16.0,98.265,31.232,42.845,24.188,HAM,2023,Bahrain
29.0,0 days 00:01:38.380000,0 days 00:00:31.319000,0 days 00:00:42.914000,0 days 00:00:24.147000,HARD,17.0,98.38,31.319,42.914,24.147,HAM,2023,Bahrain
30.0,0 days 00:01:41.175000,0 days 00:00:31.375000,0 days 00:00:42.964000,0 days 00:00:26.836000,HARD,18.0,101.175,31.375,42.964,26.836,HAM,2023,Bahrain
32.0,0 days 00:01:37.563000,0 days 00:00:30.795000,0 days 00:00:42.982000,0 days 00:00:23.786000,HARD,2.0,97.563,30.795,42.982,23.786,HAM,2023,Bahrain
33.0,0 days 00:01:37.549000,0 days 00:00:30.882000,0 days 00:00:42.999000,0 days 00:00:23.668000,HARD,3.0,97.549,30.882,42.999,23.668,HAM,2023,Bahrain
34.0,0 days 00:01:38.135000,0 days 00:00:30.810000,0 days 00:00:43.571000,0 days 00:00:23.754000,HARD,4.0,98.135,30.81,43.571,23.754,HAM,2023,Bahrain
35.0,0 days 00:01:36.831000,0 days 00:00:30.798000,0 days 00:00:42.403000,0 days 00:00:23.630000,HARD,5.0,96.831,30.798,42.403,23.63,HAM,2023,Bahrain
36.0,0 days 00:01:36.546000,0 days 00:00:30.869000,0 days 00:00:42.013000,0 days 00:00:23.664000,HARD,6.0,96.546,30.869,42.013,23.664,HAM,2023,Bahrain
37.0,0 days 00:01:37.388000,0 days 00:00:31.413000,0 days 00:00:42.243000,0 days 00:00:23.732000,HARD,7.0,97.388,31.413,42.243,23.732,HAM,2023,Bahrain
38.0,0 days 00:01:38.304000,0 days 00:00:31.050000,0 days 00:00:43.267000,0 days 00:00:23.987000,HARD,8.0,98.304,31.05,43.267,23.987,HAM,2023,Bahrain
39.0,0 days 00:01:37.478000,0 days 00:00:30.837000,0 days 00:00:42.719000,0 days 00:00:23.922000,HARD,9.0,97.478,30.837,42.719,23.922,HAM,2023,Bahrain
40.0,0 days 00:01:37.494000,0 days 00:00:30.768000,0 days 00:00:42.806000,0 days 00:00:23.920000,HARD,10.0,97.494,30.768,42.806,23.92,HAM,2023,Bahrain
42.0,0 days 00:01:37.061000,0 days 00:00:30.924000,0 days 00:00:42.354000,0 days 00:00:23.783000,HARD,12.0,97.061,30.924,42.354,23.783,HAM,2023,Bahrain
43.0,0 days 00:01:37.111000,0 days 00:00:30.890000,0 days 00:00:42.235000,0 days 00:00:23.986000,HARD,13.0,97.111,30.89,42.235,23.986,HAM,2023,Bahrain
44.0,0 days 00:01:37.048000,0 days 00:00:30.807000,0 days 00:00:42.353000,0 days 00:00:23.888000,HARD,14.0,97.048,30.807,42.353,23.888,HAM,2023,Bahrain
45.0,0 days 00:01:37.661000,0 days 00:00:30.902000,0 days 00:00:42.666000,0 days 00:00:24.093000,HARD,15.0,97.661,30.902,42.666,24.093,HAM,2023,Bahrain
46.0,0 days 00:01:37.779000,0 days 00:00:30.898000,0 days 00:00:42.786000,0 days 00:00:24.095000,HARD,16.0,97.779,30.898,42.786,24.095,HAM,2023,Bahrain
47.0,0 days 00:01:38.517000,0 days 00:00:31.320000,0 days 00:00:43.157000,0 days 00:00:24.040000,HARD,17.0,98.517,31.32,43.157,24.04,HAM,2023,Bahrain
48.0,0 days 00:01:37.844000,0 days 00:00:30.882000,0 days 00:00:42.772000,0 days 00:00:24.190000,HARD,18.0,97.844,30.882,42.772,24.19,HAM,2023,Bahrain
49.0,0 days 00:01:37.954000,0 days 00:00:30.947000,0 days 00:00:42.945000,0 days 00:00:24.062000,HARD,19.0,97.954,30.947,42.945,24.062,HAM,2023,Bahrain
50.0,0 days 00:01:37.770000,0 days 00:00:30.824000,0 days 00:00:42.711000,0 days 00:00:24.235000,HARD,20.0,97.77,30.824,42.711,24.235,HAM,2023,Bahrain
51.0,0 days 00:01:38.014000,0 days 00:00:31.154000,0 days 00:00:42.759000,0 days 00:00:24.101000,HARD,21.0,98.014,31.154,42.759,24.101,HAM,2023,Bahrain
52.0,0 days 00:01:37.803000,0 days 00:00:31.107000,0 days 00:00:42.690000,0 days 00:00:24.006000,HARD,22.0,97.803,31.107,42.69,24.006,HAM,2023,Bahrain
53.0,0 days 00:01:37.988000,0 days 00:00:31.100000,0 days 00:00:42.853000,0 days 00:00:24.035000,HARD,23.0,97.988,31.1,42.853,24.035,HAM,2023,Bahrain
54.0,0 days 00:01:38.076000,0 days 00:00:31.140000,0 days 00:00:42.838000,0 days 00:00:24.098000,HARD,24.0,98.076,31.14,42.838,24.098,HAM,2023,Bahrain
55.0,0 days 00:01:37.955000,0 days 00:00:31.131000,0 days 00:00:42.775000,0 days 00:00:24.049000,HARD,25.0,97.955,31.131,42.775,24.049,HAM,2023,Bahrain
56.0,0 days 00:01:38.111000,0 days 00:00:31.227000,0 days 00:00:42.824000,0 days 00:00:24.060000,HARD,26.0,98.111,31.227,42.824,24.06,HAM,2023,Bahrain
57.0,0 days 00:01:38.255000,0 days 00:00:31.166000,0 days 00:00:42.890000,0 days 00:00:24.199000,HARD,27.0,98.255,31.166,42.89,24.199,HAM,2023,Bahrain
2.0,0 days 00:01:40.433000,0 days 00:00:31.867000,0 days 00:00:43.830000,0 days 00:00:24.736000,SOFT,2.0,100.433,31.867,43.83,24.736,NOR,2023,Bahrain
3.0,0 days 00:01:39.777000,0 days 00:00:31.627000,0 days 00:00:43.448000,0 days 00:00:24.702000,SOFT,3.0,99.777,31.627,43.448,24.702,NOR,2023,Bahrain
5.0,0 days 00:01:40.664000,0 days 00:00:32.022000,0 days 00:00:43.875000,0 days 00:00:24.767000,SOFT,5.0,100.664,32.022,43.875,24.767,NOR,2023,Bahrain
6.0,0 days 00:01:40.814000,0 days 00:00:31.980000,0 days 00:00:44.010000,0 days 00:00:24.824000,SOFT,6.0,100.814,31.98,44.01,24.824,NOR,2023,Bahrain
7.0,0 days 00:01:40.726000,0 days 00:00:31.923000,0 days 00:00:43.890000,0 days 00:00:24.913000,SOFT,7.0,100.726,31.923,43.89,24.913,NOR,2023,Bahrain
8.0,0 days 00:01:40.857000,0 days 00:00:32.024000,0 days 00:00:43.869000,0 days 00:00:24.964000,SOFT,8.0,100.857,32.024,43.869,24.964,NOR,2023,Bahrain
9.0,0 days 00:01:40.783000,0 days 00:00:31.843000,0 days 00:00:43.980000,0 days 00:00:24.960000,SOFT,9.0,100.783,31.843,43.98,24.96,NOR,2023,Bahrain
12.0,0 days 00:01:39.314000,0 days 00:00:31.825000,0 days 00:00:43.134000,0 days 00:00:24.355000,HARD,2.0,99.314,31.825,43.134,24.355,NOR,2023,Bahrain
13.0,0 days 00:01:39.510000,0 days 00:00:31.740000,0 days 00:00:43.246000,0 days 00:00:24.524000,HARD,3.0,99.51,31.74,43.246,24.524,NOR,2023,Bahrain
14.0,0 days 00:01:39.243000,0 days 00:00:31.728000,0 days 00:00:43.150000,0 days 00:00:24.365000,HARD,4.0,99.243,31.728,43.15,24.365,NOR,2023,Bahrain
15.0,0 days 00:01:38.870000,0 days 00:00:31.562000,0 days 00:00:42.936000,0 days 00:00:24.372000,HARD,5.0,98.87,31.562,42.936,24.372,NOR,2023,Bahrain
16.0,0 days 00:01:38.860000,0 days 00:00:31.537000,0 days 00:00:42.928000,0 days 00:00:24.395000,HARD,6.0,98.86,31.537,42.928,24.395,NOR,2023,Bahrain
17.0,0 days 00:01:41.501000,0 days 00:00:31.573000,0 days 00:00:42.806000,0 days 00:00:27.122000,HARD,7.0,101.501,31.573,42.806,27.122,NOR,2023,Bahrain
19.0,0 days 00:01:37.966000,0 days 00:00:31.206000,0 days 00:00:42.704000,0 days 00:00:24.056000,SOFT,5.0,97.966,31.206,42.704,24.056,NOR,2023,Bahrain
20.0,0 days 00:01:38.345000,0 days 00:00:31.318000,0 days 00:00:42.762000,0 days 00:00:24.265000,SOFT,6.0,98.345,31.318,42.762,24.265,NOR,2023,Bahrain
21.0,0 days 00:01:38.297000,0 days 00:00:31.319000,0 days 00:00:42.673000,0 days 00:00:24.305000,SOFT,7.0,98.297,31.319,42.673,24.305,NOR,2023,Bahrain
22.0,0 days 00:01:38.908000,0 days 00:00:31.306000,0 days 00:00:43.305000,0 days 00:00:24.297000,SOFT,8.0,98.908,31.306,43.305,24.297,NOR,2023,Bahrain
23.0,0 days 00:01:38.291000,0 days 00:00:31.283000,0 days 00:00:42.726000,0 days 00:00:24.282000,SOFT,9.0,98.291,31.283,42.726,24.282,NOR,2023,Bahrain
24.0,0 days 00:01:38.696000,0 days 00:00:31.468000,0 days 00:00:42.973000,0 days 00:00:24.255000,SOFT,10.0,98.696,31.468,42.973,24.255,NOR,2023,Bahrain
25.0,0 days 00:01:38.447000,0 days 00:00:31.438000,0 days 00:00:42.732000,0 days 00:00:24.277000,SOFT,11.0,98.447,31.438,42.732,24.277,NOR,2023,Bahrain
26.0,0 days 00:01:38.440000,0 days 00:00:31.441000,0 days 00:00:42.713000,0 days 00:00:24.286000,SOFT,12.0,98.44,31.441,42.713,24.286,NOR,2023,Bahrain
27.0,0 days 00:01:40.973000,0 days 00:00:31.514000,0 days 00:00:42.723000,0 days 00:00:26.736000,SOFT,13.0,100.973,31.514,42.723,26.736,NOR,2023,Bahrain
29.0,0 days 00:01:37.260000,0 days 00:00:31.144000,0 days 00:00:42.226000,0 days 00:00:23.890000,MEDIUM,2.0,97.26,31.144,42.226,23.89,NOR,2023,Bahrain
30.0,0 days 00:01:37.605000,0 days 00:00:31.235000,0 days 00:00:42.354000,0 days 00:00:24.016000,MEDIUM,3.0,97.605,31.235,42.354,24.016,NOR,2023,Bahrain
31.0,0 days 00:01:37.768000,0 days 00:00:31.174000,0 days 00:00:42.459000,0 days 00:00:24.135000,MEDIUM,4.0,97.768,31.174,42.459,24.135,NOR,2023,Bahrain
32.0,0 days 00:01:38.111000,0 days 00:00:31.113000,0 days 00:00:42.775000,0 days 00:00:24.223000,MEDIUM,5.0,98.111,31.113,42.775,24.223,NOR,2023,Bahrain
33.0,0 days 00:01:37.520000,0 days 00:00:30.999000,0 days 00:00:42.476000,0 days 00:00:24.045000,MEDIUM,6.0,97.52,30.999,42.476,24.045,NOR,2023,Bahrain
34.0,0 days 00:01:37.987000,0 days 00:00:31.333000,0 days 00:00:42.606000,0 days 00:00:24.048000,MEDIUM,7.0,97.987,31.333,42.606,24.048,NOR,2023,Bahrain
35.0,0 days 00:01:37.870000,0 days 00:00:31.336000,0 days 00:00:42.535000,0 days 00:00:23.999000,MEDIUM,8.0,97.87,31.336,42.535,23.999,NOR,2023,Bahrain
36.0,0 days 00:01:39.886000,0 days 00:00:32.216000,0 days 00:00:43.423000,0 days 00:00:24.247000,MEDIUM,9.0,99.886,32.216,43.423,24.247,NOR,2023,Bahrain
37.0,0 days 00:01:40.197000,0 days 00:00:31.376000,0 days 00:00:42.461000,0 days 00:00:26.360000,MEDIUM,10.0,100.197,31.376,42.461,26.36,NOR,2023,Bahrain
39.0,0 days 00:01:38.347000,0 days 00:00:30.941000,0 days 00:00:43.025000,0 days 00:00:24.381000,HARD,2.0,98.347,30.941,43.025,24.381,NOR,2023,Bahrain
41.0,0 days 00:01:36.705000,0 days 00:00:31.101000,0 days 00:00:41.670000,0 days 00:00:23.934000,HARD,4.0,96.705,31.101,41.67,23.934,NOR,2023,Bahrain
42.0,0 days 00:01:36.668000,0 days 00:00:30.948000,0 days 00:00:41.864000,0 days 00:00:23.856000,HARD,5.0,96.668,30.948,41.864,23.856,NOR,2023,Bahrain
43.0,0 days 00:01:36.687000,0 days 00:00:30.898000,0 days 00:00:41.964000,0 days 00:00:23.825000,HARD,6.0,96.687,30.898,41.964,23.825,NOR,2023,Bahrain
44.0,0 days 00:01:37.219000,0 days 00:00:30.936000,0 days 00:00:42.401000,0 days 00:00:23.882000,HARD,7.0,97.219,30.936,42.401,23.882,NOR,2023,Bahrain
45.0,0 days 00:01:37.426000,0 days 00:00:31.112000,0 days 00:00:42.179000,0 days 00:00:24.135000,HARD,8.0,97.426,31.112,42.179,24.135,NOR,2023,Bahrain
46.0,0 days 00:01:37.656000,0 days 00:00:31.106000,0 days 00:00:42.351000,0 days 00:00:24.199000,HARD,9.0,97.656,31.106,42.351,24.199,NOR,2023,Bahrain
47.0,0 days 00:01:40.433000,0 days 00:00:30.951000,0 days 00:00:42.710000,0 days 00:00:26.772000,HARD,10.0,100.433,30.951,42.71,26.772,NOR,2023,Bahrain
49.0,0 days 00:01:39.080000,0 days 00:00:31.867000,0 days 00:00:42.987000,0 days 00:00:24.226000,SOFT,6.0,99.08,31.867,42.987,24.226,NOR,2023,Bahrain
50.0,0 days 00:01:35.257000,0 days 00:00:30.533000,0 days 00:00:41.130000,0 days 00:00:23.594000,SOFT,7.0,95.257,30.533,41.13,23.594,NOR,2023,Bahrain
51.0,0 days 00:01:35.822000,0 days 00:00:30.749000,0 days 00:00:41.366000,0 days 00:00:23.707000,SOFT,8.0,95.822,30.749,41.366,23.707,NOR,2023,Bahrain
52.0,0 days 00:01:36.152000,0 days 00:00:30.747000,0 days 00:00:41.651000,0 days 00:00:23.754000,SOFT,9.0,96.152,30.747,41.651,23.754,NOR,2023,Bahrain
53.0,0 days 00:01:36.500000,0 days 00:00:30.909000,0 days 00:00:41.607000,0 days 00:00:23.984000,SOFT,10.0,96.5,30.909,41.607,23.984,NOR,2023,Bahrain
54.0,0 days 00:01:39.789000,0 days 00:00:30.938000,0 days 00:00:42.162000,0 days 00:00:26.689000,SOFT,11.0,99.789,30.938,42.162,26.689,NOR,2023,Bahrain
1.0,0 days 00:01:41.659000,,0 days 00:00:43.409000,0 days 00:00:24.190000,SOFT,4.0,101.659,,43.409,24.19,SAI,2023,Bahrain
2.0,0 days 00:01:38.933000,0 days 00:00:31.451000,0 days 00:00:43.164000,0 days 00:00:24.318000,SOFT,5.0,98.933,31.451,43.164,24.318,SAI,2023,Bahrain
3.0,0 days 00:01:39.042000,0 days 00:00:31.374000,0 days 00:00:43.257000,0 days 00:00:24.411000,SOFT,6.0,99.042,31.374,43.257,24.411,SAI,2023,Bahrain
4.0,0 days 00:01:38.985000,0 days 00:00:31.192000,0 days 00:00:43.306000,0 days 00:00:24.487000,SOFT,7.0,98.985,31.192,43.306,24.487,SAI,2023,Bahrain
5.0,0 days 00:01:39.128000,0 days 00:00:31.048000,0 days 00:00:43.623000,0 days 00:00:24.457000,SOFT,8.0,99.128,31.048,43.623,24.457,SAI,2023,Bahrain
6.0,0 days 00:01:39.474000,0 days 00:00:31.469000,0 days 00:00:43.498000,0 days 00:00:24.507000,SOFT,9.0,99.474,31.469,43.498,24.507,SAI,2023,Bahrain
7.0,0 days 00:01:39.502000,0 days 00:00:31.546000,0 days 00:00:43.469000,0 days 00:00:24.487000,SOFT,10.0,99.502,31.546,43.469,24.487,SAI,2023,Bahrain
8.0,0 days 00:01:39.779000,0 days 00:00:31.674000,0 days 00:00:43.598000,0 days 00:00:24.507000,SOFT,11.0,99.779,31.674,43.598,24.507,SAI,2023,Bahrain
9.0,0 days 00:01:39.744000,0 days 00:00:31.602000,0 days 00:00:43.608000,0 days 00:00:24.534000,SOFT,12.0,99.744,31.602,43.608,24.534,SAI,2023,Bahrain
10.0,0 days 00:01:40.102000,0 days 00:00:31.764000,0 days 00:00:43.676000,0 days 00:00:24.662000,SOFT,13.0,100.102,31.764,43.676,24.662,SAI,2023,Bahrain
11.0,0 days 00:01:40.507000,0 days 00:00:31.836000,0 days 00:00:43.996000,0 days 00:00:24.675000,SOFT,14.0,100.507,31.836,43.996,24.675,SAI,2023,Bahrain
12.0,0 days 00:01:40.520000,0 days 00:00:31.776000,0 days 00:00:44.006000,0 days 00:00:24.738000,SOFT,15.0,100.52,31.776,44.006,24.738,SAI,2023,Bahrain
13.0,0 days 00:01:43.310000,0 days 00:00:31.930000,0 days 00:00:43.823000,0 days 00:00:27.557000,SOFT,16.0,103.31,31.93,43.823,27.557,SAI,2023,Bahrain
15.0,0 days 00:01:37.985000,0 days 00:00:31.107000,0 days 00:00:42.860000,0 days 00:00:24.018000,HARD,2.0,97.985,31.107,42.86,24.018,SAI,2023,Bahrain
16.0,0 days 00:01:38.433000,0 days 00:00:31.232000,0 days 00:00:43.011000,0 days 00:00:24.190000,HARD,3.0,98.433,31.232,43.011,24.19,SAI,2023,Bahrain
17.0,0 days 00:01:38.161000,0 days 00:00:31.234000,0 days 00:00:42.911000,0 days 00:00:24.016000,HARD,4.0,98.161,31.234,42.911,24.016,SAI,2023,Bahrain
18.0,0 days 00:01:38.287000,0 days 00:00:31.283000,0 days 00:00:42.950000,0 days 00:00:24.054000,HARD,5.0,98.287,31.283,42.95,24.054,SAI,2023,Bahrain
19.0,0 days 00:01:38.210000,0 days 00:00:31.208000,0 days 00:00:42.939000,0 days 00:00:24.063000,HARD,6.0,98.21,31.208,42.939,24.063,SAI,2023,Bahrain
20.0,0 days 00:01:38.096000,0 days 00:00:31.272000,0 days 00:00:42.826000,0 days 00:00:23.998000,HARD,7.0,98.096,31.272,42.826,23.998,SAI,2023,Bahrain
21.0,0 days 00:01:38.240000,0 days 00:00:31.305000,0 days 00:00:42.957000,0 days 00:00:23.978000,HARD,8.0,98.24,31.305,42.957,23.978,SAI,2023,Bahrain
22.0,0 days 00:01:38.453000,0 days 00:00:31.288000,0 days 00:00:43.137000,0 days 00:00:24.028000,HARD,9.0,98.453,31.288,43.137,24.028,SAI,2023,Bahrain
23.0,0 days 00:01:38.597000,0 days 00:00:31.483000,0 days 00:00:43.147000,0 days 00:00:23.967000,HARD,10.0,98.597,31.483,43.147,23.967,SAI,2023,Bahrain
24.0,0 days 00:01:38.314000,0 days 00:00:31.442000,0 days 00:00:42.878000,0 days 00:00:23.994000,HARD,11.0,98.314,31.442,42.878,23.994,SAI,2023,Bahrain
25.0,0 days 00:01:38.571000,0 days 00:00:31.282000,0 days 00:00:43.172000,0 days 00:00:24.117000,HARD,12.0,98.571,31.282,43.172,24.117,SAI,2023,Bahrain
26.0,0 days 00:01:38.331000,0 days 00:00:31.316000,0 days 00:00:42.976000,0 days 00:00:24.039000,HARD,13.0,98.331,31.316,42.976,24.039,SAI,2023,Bahrain
27.0,0 days 00:01:38.423000,0 days 00:00:31.448000,0 days 00:00:42.994000,0 days 00:00:23.981000,HARD,14.0,98.423,31.448,42.994,23.981,SAI,2023,Bahrain
28.0,0 days 00:01:38.474000,0 days 00:00:31.422000,0 days 00:00:42.956000,0 days 00:00:24.096000,HARD,15.0,98.474,31.422,42.956,24.096,SAI,2023,Bahrain
29.0,0 days 00:01:38.550000,0 days 00:00:31.436000,0 days 00:00:42.983000,0 days 00:00:24.131000,HARD,16.0,98.55,31.436,42.983,24.131,SAI,2023,Bahrain
30.0,0 days 00:01:38.601000,0 days 00:00:31.445000,0 days 00:00:43.033000,0 days 00:00:24.123000,HARD,17.0,98.601,31.445,43.033,24.123,SAI,2023,Bahrain
31.0,0 days 00:01:41.274000,0 days 00:00:31.438000,0 days 00:00:43.032000,0 days 00:00:26.804000,HARD,18.0,101.274,31.438,43.032,26.804,SAI,2023,Bahrain
33.0,0 days 00:01:37.548000,0 days 00:00:31.270000,0 days 00:00:42.650000,0 days 00:00:23.628000,HARD,2.0,97.548,31.27,42.65,23.628,SAI,2023,Bahrain
34.0,0 days 00:01:37.475000,0 days 00:00:31.149000,0 days 00:00:42.615000,0 days 00:00:23.711000,HARD,3.0,97.475,31.149,42.615,23.711,SAI,2023,Bahrain
35.0,0 days 00:01:37.441000,0 days 00:00:31.161000,0 days 00:00:42.601000,0 days 00:00:23.679000,HARD,4.0,97.441,31.161,42.601,23.679,SAI,2023,Bahrain
36.0,0 days 00:01:37.706000,0 days 00:00:31.197000,0 days 00:00:42.728000,0 days 00:00:23.781000,HARD,5.0,97.706,31.197,42.728,23.781,SAI,2023,Bahrain
37.0,0 days 00:01:37.130000,0 days 00:00:31.018000,0 days 00:00:42.443000,0 days 00:00:23.669000,HARD,6.0,97.13,31.018,42.443,23.669,SAI,2023,Bahrain
38.0,0 days 00:01:37.444000,0 days 00:00:31.096000,0 days 00:00:42.608000,0 days 00:00:23.740000,HARD,7.0,97.444,31.096,42.608,23.74,SAI,2023,Bahrain
39.0,0 days 00:01:37.403000,0 days 00:00:31.044000,0 days 00:00:42.593000,0 days 00:00:23.766000,HARD,8.0,97.403,31.044,42.593,23.766,SAI,2023,Bahrain
40.0,0 days 00:01:37.587000,0 days 00:00:31.207000,0 days 00:00:42.653000,0 days 00:00:23.727000,HARD,9.0,97.587,31.207,42.653,23.727,SAI,2023,Bahrain
42.0,0 days 00:01:37.375000,0 days 00:00:31.107000,0 days 00:00:42.449000,0 days 00:00:23.819000,HARD,11.0,97.375,31.107,42.449,23.819,SAI,2023,Bahrain
43.0,0 days 00:01:37.294000,0 days 00:00:31.141000,0 days 00:00:42.431000,0 days 00:00:23.722000,HARD,12.0,97.294,31.141,42.431,23.722,SAI,2023,Bahrain
44.0,0 days 00:01:37.389000,0 days 00:00:31.200000,0 days 00:00:42.482000,0 days 00:00:23.707000,HARD,13.0,97.389,31.2,42.482,23.707,SAI,2023,Bahrain
45.0,0 days 00:01:39.561000,0 days 00:00:31.572000,0 days 00:00:43.669000,0 days 00:00:24.320000,HARD,14.0,99.561,31.572,43.669,24.32,SAI,2023,Bahrain
46.0,0 days 00:01:37.844000,0 days 00:00:30.975000,0 days 00:00:42.701000,0 days 00:00:24.168000,HARD,15.0,97.844,30.975,42.701,24.168,SAI,2023,Bahrain
47.0,0 days 00:01:38.222000,0 days 00:00:31.548000,0 days 00:00:42.699000,0 days 00:00:23.975000,HARD,16.0,98.222,31.548,42.699,23.975,SAI,2023,Bahrain
48.0,0 days 00:01:37.897000,0 days 00:00:31.407000,0 days 00:00:42.577000,0 days 00:00:23.913000,HARD,17.0,97.897,31.407,42.577,23.913,SAI,2023,Bahrain
49.0,0 days 00:01:37.765000,0 days 00:00:31.407000,0 days 00:00:42.490000,0 days 00:00:23.868000,HARD,18.0,97.765,31.407,42.49,23.868,SAI,2023,Bahrain
50.0,0 days 00:01:37.604000,0 days 00:00:31.261000,0 days 00:00:42.436000,0 days 00:00:23.907000,HARD,19.0,97.604,31.261,42.436,23.907,SAI,2023,Bahrain
51.0,0 days 00:01:37.672000,0 days 00:00:31.269000,0 days 00:00:42.491000,0 days 00:00:23.912000,HARD,20.0,97.672,31.269,42.491,23.912,SAI,2023,Bahrain
52.0,0 days 00:01:37.490000,0 days 00:00:31.184000,0 days 00:00:42.381000,0 days 00:00:23.925000,HARD,21.0,97.49,31.184,42.381,23.925,SAI,2023,Bahrain
53.0,0 days 00:01:37.660000,0 days 00:00:31.248000,0 days 00:00:42.531000,0 days 00:00:23.881000,HARD,22.0,97.66,31.248,42.531,23.881,SAI,2023,Bahrain
54.0,0 days 00:01:37.694000,0 days 00:00:31.234000,0 days 00:00:42.543000,0 days 00:00:23.917000,HARD,23.0,97.694,31.234,42.543,23.917,SAI,2023,Bahrain
55.0,0 days 00:01:37.821000,0 days 00:00:31.310000,0 days 00:00:42.638000,0 days 00:00:23.873000,HARD,24.0,97.821,31.31,42.638,23.873,SAI,2023,Bahrain
56.0,0 days 00:01:38.126000,0 days 00:00:31.403000,0 days 00:00:42.736000,0 days 00:00:23.987000,HARD,25.0,98.126,31.403,42.736,23.987,SAI,2023,Bahrain
57.0,0 days 00:01:38.021000,0 days 00:00:31.244000,0 days 00:00:42.749000,0 days 00:00:24.028000,HARD,26.0,98.021,31.244,42.749,24.028,SAI,2023,Bahrain
1.0,0 days 00:01:41.063000,,0 days 00:00:43.216000,0 days 00:00:24.069000,SOFT,4.0,101.063,,43.216,24.069,PER,2023,Bahrain
2.0,0 days 00:01:38.862000,0 days 00:00:31.532000,0 days 00:00:43.116000,0 days 00:00:24.214000,SOFT,5.0,98.862,31.532,43.116,24.214,PER,2023,Bahrain
3.0,0 days 00:01:38.830000,0 days 00:00:31.397000,0 days 00:00:43.146000,0 days 00:00:24.287000,SOFT,6.0,98.83,31.397,43.146,24.287,PER,2023,Bahrain
4.0,0 days 00:01:38.758000,0 days 00:00:31.404000,0 days 00:00:43.108000,0 days 00:00:24.246000,SOFT,7.0,98.758,31.404,43.108,24.246,PER,2023,Bahrain
5.0,0 days 00:01:38.404000,0 days 00:00:31.231000,0 days 00:00:42.944000,0 days 00:00:24.229000,SOFT,8.0,98.404,31.231,42.944,24.229,PER,2023,Bahrain
6.0,0 days 00:01:38.718000,0 days 00:00:31.276000,0 days 00:00:43.043000,0 days 00:00:24.399000,SOFT,9.0,98.718,31.276,43.043,24.399,PER,2023,Bahrain
7.0,0 days 00:01:38.804000,0 days 00:00:31.214000,0 days 00:00:43.174000,0 days 00:00:24.416000,SOFT,10.0,98.804,31.214,43.174,24.416,PER,2023,Bahrain
8.0,0 days 00:01:39.172000,0 days 00:00:31.580000,0 days 00:00:43.193000,0 days 00:00:24.399000,SOFT,11.0,99.172,31.58,43.193,24.399,PER,2023,Bahrain
9.0,0 days 00:01:38.914000,0 days 00:00:31.464000,0 days 00:00:43.077000,0 days 00:00:24.373000,SOFT,12.0,98.914,31.464,43.077,24.373,PER,2023,Bahrain
10.0,0 days 00:01:39.085000,0 days 00:00:31.434000,0 days 00:00:43.270000,0 days 00:00:24.381000,SOFT,13.0,99.085,31.434,43.27,24.381,PER,2023,Bahrain
11.0,0 days 00:01:39.249000,0 days 00:00:31.632000,0 days 00:00:43.188000,0 days 00:00:24.429000,SOFT,14.0,99.249,31.632,43.188,24.429,PER,2023,Bahrain
12.0,0 days 00:01:39.197000,0 days 00:00:31.527000,0 days 00:00:43.252000,0 days 00:00:24.418000,SOFT,15.0,99.197,31.527,43.252,24.418,PER,2023,Bahrain
13.0,0 days 00:01:39.336000,0 days 00:00:31.570000,0 days 00:00:43.298000,0 days 00:00:24.468000,SOFT,16.0,99.336,31.57,43.298,24.468,PER,2023,Bahrain
14.0,0 days 00:01:38.739000,0 days 00:00:31.411000,0 days 00:00:42.993000,0 days 00:00:24.335000,SOFT,17.0,98.739,31.411,42.993,24.335,PER,2023,Bahrain
15.0,0 days 00:01:38.608000,0 days 00:00:31.441000,0 days 00:00:42.890000,0 days 00:00:24.277000,SOFT,18.0,98.608,31.441,42.89,24.277,PER,2023,Bahrain
16.0,0 days 00:01:38.770000,0 days 00:00:31.469000,0 days 00:00:43.019000,0 days 00:00:24.282000,SOFT,19.0,98.77,31.469,43.019,24.282,PER,2023,Bahrain
17.0,0 days 00:01:41.360000,0 days 00:00:31.516000,0 days 00:00:43.018000,0 days 00:00:26.826000,SOFT,20.0,101.36,31.516,43.018,26.826,PER,2023,Bahrain
19.0,0 days 00:01:37.659000,0 days 00:00:31.164000,0 days 00:00:42.653000,0 days 00:00:23.842000,SOFT,4.0,97.659,31.164,42.653,23.842,PER,2023,Bahrain
20.0,0 days 00:01:37.448000,0 days 00:00:30.978000,0 days 00:00:42.696000,0 days 00:00:23.774000,SOFT,5.0,97.448,30.978,42.696,23.774,PER,2023,Bahrain
21.0,0 days 00:01:37.240000,0 days 00:00:30.982000,0 days 00:00:42.507000,0 days 00:00:23.751000,SOFT,6.0,97.24,30.982,42.507,23.751,PER,2023,Bahrain
22.0,0 days 00:01:37.169000,0 days 00:00:30.956000,0 days 00:00:42.354000,0 days 00:00:23.859000,SOFT,7.0,97.169,30.956,42.354,23.859,PER,2023,Bahrain
23.0,0 days 00:01:37.304000,0 days 00:00:31.057000,0 days 00:00:42.415000,0 days 00:00:23.832000,SOFT,8.0,97.304,31.057,42.415,23.832,PER,2023,Bahrain
24.0,0 days 00:01:37.352000,0 days 00:00:31.142000,0 days 00:00:42.243000,0 days 00:00:23.967000,SOFT,9.0,97.352,31.142,42.243,23.967,PER,2023,Bahrain
25.0,0 days 00:01:38.418000,0 days 00:00:31.176000,0 days 00:00:42.937000,0 days 00:00:24.305000,SOFT,10.0,98.418,31.176,42.937,24.305,PER,2023,Bahrain
26.0,0 days 00:01:37.454000,0 days 00:00:30.903000,0 days 00:00:42.667000,0 days 00:00:23.884000,SOFT,11.0,97.454,30.903,42.667,23.884,PER,2023,Bahrain
27.0,0 days 00:01:37.387000,0 days 00:00:30.970000,0 days 00:00:42.639000,0 days 00:00:23.778000,SOFT,12.0,97.387,30.97,42.639,23.778,PER,2023,Bahrain
28.0,0 days 00:01:37.211000,0 days 00:00:31.052000,0 days 00:00:42.274000,0 days 00:00:23.885000,SOFT,13.0,97.211,31.052,42.274,23.885,PER,2023,Bahrain
29.0,0 days 00:01:37.733000,0 days 00:00:31.166000,0 days 00:00:42.675000,0 days 00:00:23.892000,SOFT,14.0,97.733,31.166,42.675,23.892,PER,2023,Bahrain
30.0,0 days 00:01:37.400000,0 days 00:00:31.031000,0 days 00:00:42.483000,0 days 00:00:23.886000,SOFT,15.0,97.4,31.031,42.483,23.886,PER,2023,Bahrain
31.0,0 days 00:01:37.919000,0 days 00:00:31.246000,0 days 00:00:42.722000,0 days 00:00:23.951000,SOFT,16.0,97.919,31.246,42.722,23.951,PER,2023,Bahrain
32.0,0 days 00:01:37.722000,0 days 00:00:31.106000,0 days 00:00:42.637000,0 days 00:00:23.979000,SOFT,17.0,97.722,31.106,42.637,23.979,PER,2023,Bahrain
33.0,0 days 00:01:37.869000,0 days 00:00:31.229000,0 days 00:00:42.546000,0 days 00:00:24.094000,SOFT,18.0,97.869,31.229,42.546,24.094,PER,2023,Bahrain
34.0,0 days 00:01:40.686000,0 days 00:00:31.289000,0 days 00:00:42.624000,0 days 00:00:26.773000,SOFT,19.0,100.686,31.289,42.624,26.773,PER,2023,Bahrain
36.0,0 days 00:01:36.820000,0 days 00:00:30.908000,0 days 00:00:42.254000,0 days 00:00:23.658000,HARD,2.0,96.82,30.908,42.254,23.658,PER,2023,Bahrain
37.0,0 days 00:01:36.344000,0 days 00:00:30.919000,0 days 00:00:41.914000,0 days 00:00:23.511000,HARD,3.0,96.344,30.919,41.914,23.511,PER,2023,Bahrain
38.0,0 days 00:01:36.431000,0 days 00:00:30.847000,0 days 00:00:42.011000,0 days 00:00:23.573000,HARD,4.0,96.431,30.847,42.011,23.573,PER,2023,Bahrain
39.0,0 days 00:01:36.429000,0 days 00:00:30.833000,0 days 00:00:42.027000,0 days 00:00:23.569000,HARD,5.0,96.429,30.833,42.027,23.569,PER,2023,Bahrain
40.0,0 days 00:01:37.114000,0 days 00:00:30.926000,0 days 00:00:42.564000,0 days 00:00:23.624000,HARD,6.0,97.114,30.926,42.564,23.624,PER,2023,Bahrain
42.0,0 days 00:01:39.657000,0 days 00:00:34.119000,0 days 00:00:42.002000,0 days 00:00:23.536000,HARD,8.0,99.657,34.119,42.002,23.536,PER,2023,Bahrain
43.0,0 days 00:01:36.554000,0 days 00:00:30.774000,0 days 00:00:42.092000,0 days 00:00:23.688000,HARD,9.0,96.554,30.774,42.092,23.688,PER,2023,Bahrain
44.0,0 days 00:01:36.978000,0 days 00:00:31.055000,0 days 00:00:42.360000,0 days 00:00:23.563000,HARD,10.0,96.978,31.055,42.36,23.563,PER,2023,Bahrain
45.0,0 days 00:01:36.928000,0 days 00:00:30.944000,0 days 00:00:42.434000,0 days 00:00:23.550000,HARD,11.0,96.928,30.944,42.434,23.55,PER,2023,Bahrain
46.0,0 days 00:01:37.257000,0 days 00:00:30.914000,0 days 00:00:42.496000,0 days 00:00:23.847000,HARD,12.0,97.257,30.914,42.496,23.847,PER,2023,Bahrain
47.0,0 days 00:01:36.661000,0 days 00:00:30.929000,0 days 00:00:42.049000,0 days 00:00:23.683000,HARD,13.0,96.661,30.929,42.049,23.683,PER,2023,Bahrain
48.0,0 days 00:01:36.859000,0 days 00:00:31.010000,0 days 00:00:42.316000,0 days 00:00:23.533000,HARD,14.0,96.859,31.01,42.316,23.533,PER,2023,Bahrain
49.0,0 days 00:01:37.049000,0 days 00:00:30.944000,0 days 00:00:42.495000,0 days 00:00:23.610000,HARD,15.0,97.049,30.944,42.495,23.61,PER,2023,Bahrain
50.0,0 days 00:01:37.731000,0 days 00:00:31.251000,0 days 00:00:42.646000,0 days 00:00:23.834000,HARD,16.0,97.731,31.251,42.646,23.834,PER,2023,Bahrain
51.0,0 days 00:01:37.049000,0 days 00:00:31.153000,0 days 00:00:42.153000,0 days 00:00:23.743000,HARD,17.0,97.049,31.153,42.153,23.743,PER,2023,Bahrain
52.0,0 days 00:01:37.062000,0 days 00:00:31.147000,0 days 00:00:42.086000,0 days 00:00:23.829000,HARD,18.0,97.062,31.147,42.086,23.829,PER,2023,Bahrain
53.0,0 days 00:01:37.345000,0 days 00:00:31.094000,0 days 00:00:42.383000,0 days 00:00:23.868000,HARD,19.0,97.345,31.094,42.383,23.868,PER,2023,Bahrain
54.0,0 days 00:01:37.296000,0 days 00:00:31.250000,0 days 00:00:42.257000,0 days 00:00:23.789000,HARD,20.0,97.296,31.25,42.257,23.789,PER,2023,Bahrain
55.0,0 days 00:01:37.092000,0 days 00:00:31.084000,0 days 00:00:42.076000,0 days 00:00:23.932000,HARD,21.0,97.092,31.084,42.076,23.932,PER,2023,Bahrain
56.0,0 days 00:01:36.565000,0 days 00:00:31.165000,0 days 00:00:41.786000,0 days 00:00:23.614000,HARD,22.0,96.565,31.165,41.786,23.614,PER,2023,Bahrain
57.0,0 days 00:01:36.558000,0 days 00:00:30.969000,0 days 00:00:41.799000,0 days 00:00:23.790000,HARD,23.0,96.558,30.969,41.799,23.79,PER,2023,Bahrain
1.0,0 days 00:01:42.662000,,0 days 00:00:43.377000,0 days 00:00:24.168000,SOFT,4.0,102.662,,43.377,24.168,RUS,2023,Bahrain
2.0,0 days 00:01:39.590000,0 days 00:00:31.709000,0 days 00:00:43.468000,0 days 00:00:24.413000,SOFT,5.0,99.59,31.709,43.468,24.413,RUS,2023,Bahrain
3.0,0 days 00:01:39.093000,0 days 00:00:31.218000,0 days 00:00:43.416000,0 days 00:00:24.459000,SOFT,6.0,99.093,31.218,43.416,24.459,RUS,2023,Bahrain
4.0,0 days 00:01:39.261000,0 days 00:00:31.267000,0 days 00:00:43.497000,0 days 00:00:24.497000,SOFT,7.0,99.261,31.267,43.497,24.497,RUS,2023,Bahrain
5.0,0 days 00:01:39.549000,0 days 00:00:31.367000,0 days 00:00:43.763000,0 days 00:00:24.419000,SOFT,8.0,99.549,31.367,43.763,24.419,RUS,2023,Bahrain
6.0,0 days 00:01:39.493000,0 days 00:00:31.196000,0 days 00:00:43.619000,0 days 00:00:24.678000,SOFT,9.0,99.493,31.196,43.619,24.678,RUS,2023,Bahrain
7.0,0 days 00:01:40.056000,0 days 00:00:31.589000,0 days 00:00:43.827000,0 days 00:00:24.640000,SOFT,10.0,100.056,31.589,43.827,24.64,RUS,2023,Bahrain
8.0,0 days 00:01:40.310000,0 days 00:00:31.522000,0 days 00:00:44.119000,0 days 00:00:24.669000,SOFT,11.0,100.31,31.522,44.119,24.669,RUS,2023,Bahrain
9.0,0 days 00:01:40.420000,0 days 00:00:31.652000,0 days 00:00:44.022000,0 days 00:00:24.746000,SOFT,12.0,100.42,31.652,44.022,24.746,RUS,2023,Bahrain
10.0,0 days 00:01:40.532000,0 days 00:00:31.699000,0 days 00:00:44.074000,0 days 00:00:24.759000,SOFT,13.0,100.532,31.699,44.074,24.759,RUS,2023,Bahrain
11.0,0 days 00:01:41.085000,0 days 00:00:31.772000,0 days 00:00:44.520000,0 days 00:00:24.793000,SOFT,14.0,101.085,31.772,44.52,24.793,RUS,2023,Bahrain
12.0,0 days 00:01:41.112000,0 days 00:00:32.023000,0 days 00:00:44.122000,0 days 00:00:24.967000,SOFT,15.0,101.112,32.023,44.122,24.967,RUS,2023,Bahrain
15.0,0 days 00:01:37.460000,0 days 00:00:30.812000,0 days 00:00:42.616000,0 days 00:00:24.032000,HARD,2.0,97.46,30.812,42.616,24.032,RUS,2023,Bahrain
16.0,0 days 00:01:37.833000,0 days 00:00:30.880000,0 days 00:00:42.883000,0 days 00:00:24.070000,HARD,3.0,97.833,30.88,42.883,24.07,RUS,2023,Bahrain
17.0,0 days 00:01:38.604000,0 days 00:00:30.903000,0 days 00:00:43.462000,0 days 00:00:24.239000,HARD,4.0,98.604,30.903,43.462,24.239,RUS,2023,Bahrain
18.0,0 days 00:01:38.427000,0 days 00:00:30.995000,0 days 00:00:43.299000,0 days 00:00:24.133000,HARD,5.0,98.427,30.995,43.299,24.133,RUS,2023,Bahrain
19.0,0 days 00:01:38.512000,0 days 00:00:31.276000,0 days 00:00:43.188000,0 days 00:00:24.048000,HARD,6.0,98.512,31.276,43.188,24.048,RUS,2023,Bahrain
20.0,0 days 00:01:38.578000,0 days 00:00:31.282000,0 days 00:00:43.216000,0 days 00:00:24.080000,HARD,7.0,98.578,31.282,43.216,24.08,RUS,2023,Bahrain
21.0,0 days 00:01:38.555000,0 days 00:00:31.287000,0 days 00:00:43.084000,0 days 00:00:24.184000,HARD,8.0,98.555,31.287,43.084,24.184,RUS,2023,Bahrain
22.0,0 days 00:01:38.438000,0 days 00:00:31.313000,0 days 00:00:42.999000,0 days 00:00:24.126000,HARD,9.0,98.438,31.313,42.999,24.126,RUS,2023,Bahrain
23.0,0 days 00:01:38.773000,0 days 00:00:31.278000,0 days 00:00:43.405000,0 days 00:00:24.090000,HARD,10.0,98.773,31.278,43.405,24.09,RUS,2023,Bahrain
24.0,0 days 00:01:38.643000,0 days 00:00:31.298000,0 days 00:00:43.348000,0 days 00:00:23.997000,HARD,11.0,98.643,31.298,43.348,23.997,RUS,2023,Bahrain
25.0,0 days 00:01:38.487000,0 days 00:00:31.311000,0 days 00:00:43.056000,0 days 00:00:24.120000,HARD,12.0,98.487,31.311,43.056,24.12,RUS,2023,Bahrain
26.0,0 days 00:01:38.462000,0 days 00:00:31.334000,0 days 00:00:43.033000,0 days 00:00:24.095000,HARD,13.0,98.462,31.334,43.033,24.095,RUS,2023,Bahrain
27.0,0 days 00:01:38.625000,0 days 00:00:31.393000,0 days 00:00:43.152000,0 days 00:00:24.080000,HARD,14.0,98.625,31.393,43.152,24.08,RUS,2023,Bahrain
28.0,0 days 00:01:38.448000,0 days 00:00:31.233000,0 days 00:00:43.103000,0 days 00:00:24.112000,HARD,15.0,98.448,31.233,43.103,24.112,RUS,2023,Bahrain
29.0,0 days 00:01:38.792000,0 days 00:00:31.476000,0 days 00:00:43.264000,0 days 00:00:24.052000,HARD,16.0,98.792,31.476,43.264,24.052,RUS,2023,Bahrain
30.0,0 days 00:01:38.541000,0 days 00:00:31.301000,0 days 00:00:43.180000,0 days 00:00:24.060000,HARD,17.0,98.541,31.301,43.18,24.06,RUS,2023,Bahrain
31.0,0 days 00:01:41.035000,0 days 00:00:31.353000,0 days 00:00:43.015000,0 days 00:00:26.667000,HARD,18.0,101.035,31.353,43.015,26.667,RUS,2023,Bahrain
33.0,0 days 00:01:37.221000,0 days 00:00:30.915000,0 days 00:00:42.756000,0 days 00:00:23.550000,HARD,2.0,97.221,30.915,42.756,23.55,RUS,2023,Bahrain
34.0,0 days 00:01:37.311000,0 days 00:00:30.975000,0 days 00:00:42.685000,0 days 00:00:23.651000,HARD,3.0,97.311,30.975,42.685,23.651,RUS,2023,Bahrain
35.0,0 days 00:01:37.592000,0 days 00:00:30.949000,0 days 00:00:42.960000,0 days 00:00:23.683000,HARD,4.0,97.592,30.949,42.96,23.683,RUS,2023,Bahrain
36.0,0 days 00:01:37.607000,0 days 00:00:30.979000,0 days 00:00:42.831000,0 days 00:00:23.797000,HARD,5.0,97.607,30.979,42.831,23.797,RUS,2023,Bahrain
37.0,0 days 00:01:37.822000,0 days 00:00:31.049000,0 days 00:00:43.002000,0 days 00:00:23.771000,HARD,6.0,97.822,31.049,43.002,23.771,RUS,2023,Bahrain
38.0,0 days 00:01:37.660000,0 days 00:00:30.994000,0 days 00:00:42.854000,0 days 00:00:23.812000,HARD,7.0,97.66,30.994,42.854,23.812,RUS,2023,Bahrain
39.0,0 days 00:01:37.495000,0 days 00:00:30.971000,0 days 00:00:42.712000,0 days 00:00:23.812000,HARD,8.0,97.495,30.971,42.712,23.812,RUS,2023,Bahrain
40.0,0 days 00:01:38.085000,0 days 00:00:31.006000,0 days 00:00:42.651000,0 days 00:00:24.428000,HARD,9.0,98.085,31.006,42.651,24.428,RUS,2023,Bahrain
42.0,0 days 00:01:37.035000,0 days 00:00:30.782000,0 days 00:00:42.391000,0 days 00:00:23.862000,HARD,11.0,97.035,30.782,42.391,23.862,RUS,2023,Bahrain
43.0,0 days 00:01:37.480000,0 days 00:00:30.954000,0 days 00:00:42.679000,0 days 00:00:23.847000,HARD,12.0,97.48,30.954,42.679,23.847,RUS,2023,Bahrain
44.0,0 days 00:01:37.597000,0 days 00:00:31.110000,0 days 00:00:42.611000,0 days 00:00:23.876000,HARD,13.0,97.597,31.11,42.611,23.876,RUS,2023,Bahrain
45.0,0 days 00:01:37.316000,0 days 00:00:30.892000,0 days 00:00:42.590000,0 days 00:00:23.834000,HARD,14.0,97.316,30.892,42.59,23.834,RUS,2023,Bahrain
46.0,0 days 00:01:37.571000,0 days 00:00:30.999000,0 days 00:00:42.734000,0 days 00:00:23.838000,HARD,15.0,97.571,30.999,42.734,23.838,RUS,2023,Bahrain
47.0,0 days 00:01:37.432000,0 days 00:00:31.049000,0 days 00:00:42.436000,0 days 00:00:23.947000,HARD,16.0,97.432,31.049,42.436,23.947,RUS,2023,Bahrain
48.0,0 days 00:01:37.520000,0 days 00:00:31.101000,0 days 00:00:42.509000,0 days 00:00:23.910000,HARD,17.0,97.52,31.101,42.509,23.91,RUS,2023,Bahrain
49.0,0 days 00:01:37.718000,0 days 00:00:31.097000,0 days 00:00:42.623000,0 days 00:00:23.998000,HARD,18.0,97.718,31.097,42.623,23.998,RUS,2023,Bahrain
50.0,0 days 00:01:37.383000,0 days 00:00:31.014000,0 days 00:00:42.413000,0 days 00:00:23.956000,HARD,19.0,97.383,31.014,42.413,23.956,RUS,2023,Bahrain
51.0,0 days 00:01:37.825000,0 days 00:00:31.187000,0 days 00:00:42.705000,0 days 00:00:23.933000,HARD,20.0,97.825,31.187,42.705,23.933,RUS,2023,Bahrain
52.0,0 days 00:01:37.589000,0 days 00:00:31.107000,0 days 00:00:42.517000,0 days 00:00:23.965000,HARD,21.0,97.589,31.107,42.517,23.965,RUS,2023,Bahrain
53.0,0 days 00:01:37.841000,0 days 00:00:31.065000,0 days 00:00:42.707000,0 days 00:00:24.069000,HARD,22.0,97.841,31.065,42.707,24.069,RUS,2023,Bahrain
54.0,0 days 00:01:37.923000,0 days 00:00:31.192000,0 days 00:00:42.658000,0 days 00:00:24.073000,HARD,23.0,97.923,31.192,42.658,24.073,RUS,2023,Bahrain
55.0,0 days 00:01:37.860000,0 days 00:00:31.118000,0 days 00:00:42.621000,0 days 00:00:24.121000,HARD,24.0,97.86,31.118,42.621,24.121,RUS,2023,Bahrain
56.0,0 days 00:01:37.636000,0 days 00:00:30.961000,0 days 00:00:42.593000,0 days 00:00:24.082000,HARD,25.0,97.636,30.961,42.593,24.082,RUS,2023,Bahrain
57.0,0 days 00:01:37.767000,0 days 00:00:31.077000,0 days 00:00:42.540000,0 days 00:00:24.150000,HARD,26.0,97.767,31.077,42.54,24.15,RUS,2023,Bahrain
2.0,0 days 00:01:39.792000,0 days 00:00:31.743000,0 days 00:00:43.626000,0 days 00:00:24.423000,SOFT,5.0,99.792,31.743,43.626,24.423,ALO,2023,Bahrain
3.0,0 days 00:01:39.100000,0 days 00:00:31.541000,0 days 00:00:43.276000,0 days 00:00:24.283000,SOFT,6.0,99.1,31.541,43.276,24.283,ALO,2023,Bahrain
4.0,0 days 00:01:39.548000,0 days 00:00:31.723000,0 days 00:00:43.457000,0 days 00:00:24.368000,SOFT,7.0,99.548,31.723,43.457,24.368,ALO,2023,Bahrain
5.0,0 days 00:01:39.662000,0 days 00:00:31.705000,0 days 00:00:43.553000,0 days 00:00:24.404000,SOFT,8.0,99.662,31.705,43.553,24.404,ALO,2023,Bahrain
6.0,0 days 00:01:39.674000,0 days 00:00:31.695000,0 days 00:00:43.482000,0 days 00:00:24.497000,SOFT,9.0,99.674,31.695,43.482,24.497,ALO,2023,Bahrain
7.0,0 days 00:01:39.729000,0 days 00:00:31.675000,0 days 00:00:43.494000,0 days 00:00:24.560000,SOFT,10.0,99.729,31.675,43.494,24.56,ALO,2023,Bahrain
8.0,0 days 00:01:39.959000,0 days 00:00:31.674000,0 days 00:00:43.675000,0 days 00:00:24.610000,SOFT,11.0,99.959,31.674,43.675,24.61,ALO,2023,Bahrain
9.0,0 days 00:01:40.275000,0 days 00:00:31.774000,0 days 00:00:43.819000,0 days 00:00:24.682000,SOFT,12.0,100.275,31.774,43.819,24.682,ALO,2023,Bahrain
10.0,0 days 00:01:40.203000,0 days 00:00:31.505000,0 days 00:00:43.905000,0 days 00:00:24.793000,SOFT,13.0,100.203,31.505,43.905,24.793,ALO,2023,Bahrain
11.0,0 days 00:01:41.147000,0 days 00:00:31.657000,0 days 00:00:44.321000,0 days 00:00:25.169000,SOFT,14.0,101.147,31.657,44.321,25.169,ALO,2023,Bahrain
12.0,0 days 00:01:40.934000,0 days 00:00:31.789000,0 days 00:00:44.062000,0 days 00:00:25.083000,SOFT,15.0,100.934,31.789,44.062,25.083,ALO,2023,Bahrain
13.0,0 days 00:01:40.341000,0 days 00:00:31.823000,0 days 00:00:43.946000,0 days 00:00:24.572000,SOFT,16.0,100.341,31.823,43.946,24.572,ALO,2023,Bahrain
14.0,0 days 00:01:42.212000,0 days 00:00:31.869000,0 days 00:00:43.309000,0 days 00:00:27.034000,SOFT,17.0,102.212,31.869,43.309,27.034,ALO,2023,Bahrain
16.0,0 days 00:01:37.542000,0 days 00:00:31.154000,0 days 00:00:42.459000,0 days 00:00:23.929000,HARD,2.0,97.542,31.154,42.459,23.929,ALO,2023,Bahrain
17.0,0 days 00:01:38.139000,0 days 00:00:30.946000,0 days 00:00:43.197000,0 days 00:00:23.996000,HARD,3.0,98.139,30.946,43.197,23.996,ALO,2023,Bahrain
18.0,0 days 00:01:38.124000,0 days 00:00:31.300000,0 days 00:00:42.737000,0 days 00:00:24.087000,HARD,4.0,98.124,31.3,42.737,24.087,ALO,2023,Bahrain
19.0,0 days 00:01:38.361000,0 days 00:00:31.313000,0 days 00:00:42.965000,0 days 00:00:24.083000,HARD,5.0,98.361,31.313,42.965,24.083,ALO,2023,Bahrain
20.0,0 days 00:01:38.318000,0 days 00:00:31.337000,0 days 00:00:42.915000,0 days 00:00:24.066000,HARD,6.0,98.318,31.337,42.915,24.066,ALO,2023,Bahrain
21.0,0 days 00:01:38.407000,0 days 00:00:31.383000,0 days 00:00:42.994000,0 days 00:00:24.030000,HARD,7.0,98.407,31.383,42.994,24.03,ALO,2023,Bahrain
22.0,0 days 00:01:38.200000,0 days 00:00:31.364000,0 days 00:00:42.853000,0 days 00:00:23.983000,HARD,8.0,98.2,31.364,42.853,23.983,ALO,2023,Bahrain
23.0,0 days 00:01:37.853000,0 days 00:00:31.140000,0 days 00:00:42.630000,0 days 00:00:24.083000,HARD,9.0,97.853,31.14,42.63,24.083,ALO,2023,Bahrain
24.0,0 days 00:01:37.878000,0 days 00:00:31.237000,0 days 00:00:42.611000,0 days 00:00:24.030000,HARD,10.0,97.878,31.237,42.611,24.03,ALO,2023,Bahrain
25.0,0 days 00:01:38.139000,0 days 00:00:31.315000,0 days 00:00:42.669000,0 days 00:00:24.155000,HARD,11.0,98.139,31.315,42.669,24.155,ALO,2023,Bahrain
26.0,0 days 00:01:38.127000,0 days 00:00:31.267000,0 days 00:00:42.694000,0 days 00:00:24.166000,HARD,12.0,98.127,31.267,42.694,24.166,ALO,2023,Bahrain
27.0,0 days 00:01:38.612000,0 days 00:00:31.395000,0 days 00:00:43.114000,0 days 00:00:24.103000,HARD,13.0,98.612,31.395,43.114,24.103,ALO,2023,Bahrain
28.0,0 days 00:01:38.199000,0 days 00:00:31.345000,0 days 00:00:42.758000,0 days 00:00:24.096000,HARD,14.0,98.199,31.345,42.758,24.096,ALO,2023,Bahrain
29.0,0 days 00:01:38.585000,0 days 00:00:31.490000,0 days 00:00:42.916000,0 days 00:00:24.179000,HARD,15.0,98.585,31.49,42.916,24.179,ALO,2023,Bahrain
30.0,0 days 00:01:38.282000,0 days 00:00:31.370000,0 days 00:00:42.711000,0 days 00:00:24.201000,HARD,16.0,98.282,31.37,42.711,24.201,ALO,2023,Bahrain
31.0,0 days 00:01:38.009000,0 days 00:00:31.257000,0 days 00:00:42.663000,0 days 00:00:24.089000,HARD,17.0,98.009,31.257,42.663,24.089,ALO,2023,Bahrain
32.0,0 days 00:01:37.871000,0 days 00:00:31.335000,0 days 00:00:42.558000,0 days 00:00:23.978000,HARD,18.0,97.871,31.335,42.558,23.978,ALO,2023,Bahrain
33.0,0 days 00:01:37.769000,0 days 00:00:31.266000,0 days 00:00:42.549000,0 days 00:00:23.954000,HARD,19.0,97.769,31.266,42.549,23.954,ALO,2023,Bahrain
34.0,0 days 00:01:40.353000,0 days 00:00:31.259000,0 days 00:00:42.545000,0 days 00:00:26.549000,HARD,20.0,100.353,31.259,42.545,26.549,ALO,2023,Bahrain
36.0,0 days 00:01:36.156000,0 days 00:00:30.895000,0 days 00:00:41.462000,0 days 00:00:23.799000,HARD,2.0,96.156,30.895,41.462,23.799,ALO,2023,Bahrain
37.0,0 days 00:01:37.431000,0 days 00:00:31.186000,0 days 00:00:42.184000,0 days 00:00:24.061000,HARD,3.0,97.431,31.186,42.184,24.061,ALO,2023,Bahrain
38.0,0 days 00:01:37.002000,0 days 00:00:30.763000,0 days 00:00:42.308000,0 days 00:00:23.931000,HARD,4.0,97.002,30.763,42.308,23.931,ALO,2023,Bahrain
39.0,0 days 00:01:37.243000,0 days 00:00:31.244000,0 days 00:00:42.303000,0 days 00:00:23.696000,HARD,5.0,97.243,31.244,42.303,23.696,ALO,2023,Bahrain
40.0,0 days 00:01:37.208000,0 days 00:00:31.221000,0 days 00:00:42.306000,0 days 00:00:23.681000,HARD,6.0,97.208,31.221,42.306,23.681,ALO,2023,Bahrain
42.0,0 days 00:01:36.334000,0 days 00:00:30.908000,0 days 00:00:41.746000,0 days 00:00:23.680000,HARD,8.0,96.334,30.908,41.746,23.68,ALO,2023,Bahrain
43.0,0 days 00:01:36.911000,0 days 00:00:30.956000,0 days 00:00:42.096000,0 days 00:00:23.859000,HARD,9.0,96.911,30.956,42.096,23.859,ALO,2023,Bahrain
44.0,0 days 00:01:37.022000,0 days 00:00:30.817000,0 days 00:00:42.208000,0 days 00:00:23.997000,HARD,10.0,97.022,30.817,42.208,23.997,ALO,2023,Bahrain
45.0,0 days 00:01:37.931000,0 days 00:00:31.048000,0 days 00:00:43.229000,0 days 00:00:23.654000,HARD,11.0,97.931,31.048,43.229,23.654,ALO,2023,Bahrain
46.0,0 days 00:01:37.087000,0 days 00:00:31.144000,0 days 00:00:42.162000,0 days 00:00:23.781000,HARD,12.0,97.087,31.144,42.162,23.781,ALO,2023,Bahrain
47.0,0 days 00:01:37.326000,0 days 00:00:31.293000,0 days 00:00:42.342000,0 days 00:00:23.691000,HARD,13.0,97.326,31.293,42.342,23.691,ALO,2023,Bahrain
48.0,0 days 00:01:36.783000,0 days 00:00:31.076000,0 days 00:00:41.970000,0 days 00:00:23.737000,HARD,14.0,96.783,31.076,41.97,23.737,ALO,2023,Bahrain
49.0,0 days 00:01:36.726000,0 days 00:00:31.058000,0 days 00:00:41.981000,0 days 00:00:23.687000,HARD,15.0,96.726,31.058,41.981,23.687,ALO,2023,Bahrain
50.0,0 days 00:01:36.331000,0 days 00:00:30.933000,0 days 00:00:41.764000,0 days 00:00:23.634000,HARD,16.0,96.331,30.933,41.764,23.634,ALO,2023,Bahrain
51.0,0 days 00:01:36.960000,0 days 00:00:31.158000,0 days 00:00:42.005000,0 days 00:00:23.797000,HARD,17.0,96.96,31.158,42.005,23.797,ALO,2023,Bahrain
52.0,0 days 00:01:37.010000,0 days 00:00:31.043000,0 days 00:00:42.243000,0 days 00:00:23.724000,HARD,18.0,97.01,31.043,42.243,23.724,ALO,2023,Bahrain
53.0,0 days 00:01:37.010000,0 days 00:00:31.159000,0 days 00:00:42.135000,0 days 00:00:23.716000,HARD,19.0,97.01,31.159,42.135,23.716,ALO,2023,Bahrain
54.0,0 days 00:01:37.599000,0 days 00:00:31.305000,0 days 00:00:42.469000,0 days 00:00:23.825000,HARD,20.0,97.599,31.305,42.469,23.825,ALO,2023,Bahrain
55.0,0 days 00:01:37.662000,0 days 00:00:31.237000,0 days 00:00:42.575000,0 days 00:00:23.850000,HARD,21.0,97.662,31.237,42.575,23.85,ALO,2023,Bahrain
56.0,0 days 00:01:37.473000,0 days 00:00:31.425000,0 days 00:00:42.157000,0 days 00:00:23.891000,HARD,22.0,97.473,31.425,42.157,23.891,ALO,2023,Bahrain
57.0,0 days 00:01:37.422000,0 days 00:00:31.421000,0 days 00:00:42.088000,0 days 00:00:23.913000,HARD,23.0,97.422,31.421,42.088,23.913,ALO,2023,Bahrain
1.0,0 days 00:01:37.284000,,0 days 00:00:41.266000,0 days 00:00:23.616000,SOFT,4.0,97.284,,41.266,23.616,VER,2024,Bahrain
2.0,0 days 00:01:36.296000,0 days 00:00:30.916000,0 days 00:00:41.661000,0 days 00:00:23.719000,SOFT,5.0,96.296,30.916,41.661,23.719,VER,2024,Bahrain
3.0,0 days 00:01:36.753000,0 days 00:00:30.999000,0 days 00:00:41.966000,0 days 00:00:23.788000,SOFT,6.0,96.753,30.999,41.966,23.788,VER,2024,Bahrain
4.0,0 days 00:01:36.647000,0 days 00:00:30.931000,0 days 00:00:41.892000,0 days 00:00:23.824000,SOFT,7.0,96.647,30.931,41.892,23.824,VER,2024,Bahrain
5.0,0 days 00:01:37.173000,0 days 00:00:31.255000,0 days 00:00:42.056000,0 days 00:00:23.862000,SOFT,8.0,97.173,31.255,42.056,23.862,VER,2024,Bahrain
6.0,0 days 00:01:37.092000,0 days 00:00:31.041000,0 days 00:00:42.187000,0 days 00:00:23.864000,SOFT,9.0,97.092,31.041,42.187,23.864,VER,2024,Bahrain
7.0,0 days 00:01:37.038000,0 days 00:00:31.015000,0 days 00:00:42.118000,0 days 00:00:23.905000,SOFT,10.0,97.038,31.015,42.118,23.905,VER,2024,Bahrain
8.0,0 days 00:01:37.024000,0 days 00:00:31.041000,0 days 00:00:42.077000,0 days 00:00:23.906000,SOFT,11.0,97.024,31.041,42.077,23.906,VER,2024,Bahrain
9.0,0 days 00:01:37.229000,0 days 00:00:31.100000,0 days 00:00:42.166000,0 days 00:00:23.963000,SOFT,12.0,97.229,31.1,42.166,23.963,VER,2024,Bahrain
10.0,0 days 00:01:36.960000,0 days 00:00:30.986000,0 days 00:00:42.009000,0 days 00:00:23.965000,SOFT,13.0,96.96,30.986,42.009,23.965,VER,2024,Bahrain
11.0,0 days 00:01:37.085000,0 days 00:00:30.974000,0 days 00:00:42.142000,0 days 00:00:23.969000,SOFT,14.0,97.085,30.974,42.142,23.969,VER,2024,Bahrain
12.0,0 days 00:01:37.045000,0 days 00:00:30.966000,0 days 00:00:42.091000,0 days 00:00:23.988000,SOFT,15.0,97.045,30.966,42.091,23.988,VER,2024,Bahrain
13.0,0 days 00:01:37.030000,0 days 00:00:30.964000,0 days 00:00:42.055000,0 days 00:00:24.011000,SOFT,16.0,97.03,30.964,42.055,24.011,VER,2024,Bahrain
14.0,0 days 00:01:37.028000,0 days 00:00:30.938000,0 days 00:00:42.042000,0 days 00:00:24.048000,SOFT,17.0,97.028,30.938,42.042,24.048,VER,2024,Bahrain
15.0,0 days 00:01:37.011000,0 days 00:00:30.887000,0 days 00:00:42.058000,0 days 00:00:24.066000,SOFT,18.0,97.011,30.887,42.058,24.066,VER,2024,Bahrain
16.0,0 days 00:01:37.168000,0 days 00:00:31.048000,0 days 00:00:42.032000,0 days 00:00:24.088000,SOFT,19.0,97.168,31.048,42.032,24.088,VER,2024,Bahrain
19.0,0 days 00:01:35.283000,0 days 00:00:30.628000,0 days 00:00:41.162000,0 days 00:00:23.493000,HARD,2.0,95.283,30.628,41.162,23.493,VER,2024,Bahrain
20.0,0 days 00:01:35.160000,0 days 00:00:30.585000,0 days 00:00:41.100000,0 days 00:00:23.475000,HARD,3.0,95.16,30.585,41.1,23.475,VER,2024,Bahrain
21.0,0 days 00:01:35.316000,0 days 00:00:30.576000,0 days 00:00:41.240000,0 days 00:00:23.500000,HARD,4.0,95.316,30.576,41.24,23.5,VER,2024,Bahrain
22.0,0 days 00:01:35.204000,0 days 00:00:30.560000,0 days 00:00:41.142000,0 days 00:00:23.502000,HARD,5.0,95.204,30.56,41.142,23.502,VER,2024,Bahrain
23.0,0 days 00:01:35.216000,0 days 00:00:30.553000,0 days 00:00:41.145000,0 days 00:00:23.518000,HARD,6.0,95.216,30.553,41.145,23.518,VER,2024,Bahrain
24.0,0 days 00:01:35.289000,0 days 00:00:30.548000,0 days 00:00:41.257000,0 days 00:00:23.484000,HARD,7.0,95.289,30.548,41.257,23.484,VER,2024,Bahrain
25.0,0 days 00:01:35.342000,0 days 00:00:30.518000,0 days 00:00:41.282000,0 days 00:00:23.542000,HARD,8.0,95.342,30.518,41.282,23.542,VER,2024,Bahrain
26.0,0 days 00:01:35.223000,0 days 00:00:30.522000,0 days 00:00:41.140000,0 days 00:00:23.561000,HARD,9.0,95.223,30.522,41.14,23.561,VER,2024,Bahrain
27.0,0 days 00:01:35.581000,0 days 00:00:30.649000,0 days 00:00:41.338000,0 days 00:00:23.594000,HARD,10.0,95.581,30.649,41.338,23.594,VER,2024,Bahrain
28.0,0 days 00:01:35.477000,0 days 00:00:30.588000,0 days 00:00:41.272000,0 days 00:00:23.617000,HARD,11.0,95.477,30.588,41.272,23.617,VER,2024,Bahrain
29.0,0 days 00:01:35.793000,0 days 00:00:30.679000,0 days 00:00:41.485000,0 days 00:00:23.629000,HARD,12.0,95.793,30.679,41.485,23.629,VER,2024,Bahrain
30.0,0 days 00:01:35.771000,0 days 00:00:30.657000,0 days 00:00:41.470000,0 days 00:00:23.644000,HARD,13.0,95.771,30.657,41.47,23.644,VER,2024,Bahrain
31.0,0 days 00:01:35.679000,0 days 00:00:30.635000,0 days 00:00:41.435000,0 days 00:00:23.609000,HARD,14.0,95.679,30.635,41.435,23.609,VER,2024,Bahrain
32.0,0 days 00:01:35.886000,0 days 00:00:30.669000,0 days 00:00:41.519000,0 days 00:00:23.698000,HARD,15.0,95.886,30.669,41.519,23.698,VER,2024,Bahrain
33.0,0 days 00:01:35.863000,0 days 00:00:30.690000,0 days 00:00:41.459000,0 days 00:00:23.714000,HARD,16.0,95.863,30.69,41.459,23.714,VER,2024,Bahrain
34.0,0 days 00:01:36.133000,0 days 00:00:30.685000,0 days 00:00:41.661000,0 days 00:00:23.787000,HARD,17.0,96.133,30.685,41.661,23.787,VER,2024,Bahrain
35.0,0 days 00:01:36.018000,0 days 00:00:30.727000,0 days 00:00:41.557000,0 days 00:00:23.734000,HARD,18.0,96.018,30.727,41.557,23.734,VER,2024,Bahrain
36.0,0 days 00:01:36.205000,0 days 00:00:30.794000,0 days 00:00:41.561000,0 days 00:00:23.850000,HARD,19.0,96.205,30.794,41.561,23.85,VER,2024,Bahrain
39.0,0 days 00:01:32.608000,0 days 00:00:29.741000,0 days 00:00:39.916000,0 days 00:00:22.951000,SOFT,2.0,92.608,29.741,39.916,22.951,VER,2024,Bahrain
40.0,0 days 00:01:36.589000,0 days 00:00:31.014000,0 days 00:00:42.023000,0 days 00:00:23.552000,SOFT,3.0,96.589,31.014,42.023,23.552,VER,2024,Bahrain
41.0,0 days 00:01:35.290000,0 days 00:00:30.697000,0 days 00:00:41.281000,0 days 00:00:23.312000,SOFT,4.0,95.29,30.697,41.281,23.312,VER,2024,Bahrain
42.0,0 days 00:01:34.667000,0 days 00:00:30.477000,0 days 00:00:40.996000,0 days 00:00:23.194000,SOFT,5.0,94.667,30.477,40.996,23.194,VER,2024,Bahrain
43.0,0 days 00:01:34.151000,0 days 00:00:30.132000,0 days 00:00:40.772000,0 days 00:00:23.247000,SOFT,6.0,94.151,30.132,40.772,23.247,VER,2024,Bahrain
44.0,0 days 00:01:34.531000,0 days 00:00:30.348000,0 days 00:00:40.805000,0 days 00:00:23.378000,SOFT,7.0,94.531,30.348,40.805,23.378,VER,2024,Bahrain
45.0,0 days 00:01:34.249000,0 days 00:00:30.180000,0 days 00:00:40.825000,0 days 00:00:23.244000,SOFT,8.0,94.249,30.18,40.825,23.244,VER,2024,Bahrain
46.0,0 days 00:01:34.193000,0 days 00:00:30.301000,0 days 00:00:40.682000,0 days 00:00:23.210000,SOFT,9.0,94.193,30.301,40.682,23.21,VER,2024,Bahrain
47.0,0 days 00:01:34.239000,0 days 00:00:30.267000,0 days 00:00:40.704000,0 days 00:00:23.268000,SOFT,10.0,94.239,30.267,40.704,23.268,VER,2024,Bahrain
48.0,0 days 00:01:34.350000,0 days 00:00:30.245000,0 days 00:00:40.738000,0 days 00:00:23.367000,SOFT,11.0,94.35,30.245,40.738,23.367,VER,2024,Bahrain
49.0,0 days 00:01:34.403000,0 days 00:00:30.246000,0 days 00:00:40.804000,0 days 00:00:23.353000,SOFT,12.0,94.403,30.246,40.804,23.353,VER,2024,Bahrain
50.0,0 days 00:01:34.783000,0 days 00:00:30.229000,0 days 00:00:40.928000,0 days 00:00:23.626000,SOFT,13.0,94.783,30.229,40.928,23.626,VER,2024,Bahrain
51.0,0 days 00:01:34.340000,0 days 00:00:30.003000,0 days 00:00:40.834000,0 days 00:00:23.503000,SOFT,14.0,94.34,30.003,40.834,23.503,VER,2024,Bahrain
52.0,0 days 00:01:34.906000,0 days 00:00:30.333000,0 days 00:00:40.919000,0 days 00:00:23.654000,SOFT,15.0,94.906,30.333,40.919,23.654,VER,2024,Bahrain
53.0,0 days 00:01:35.600000,0 days 00:00:30.528000,0 days 00:00:41.382000,0 days 00:00:23.690000,SOFT,16.0,95.6,30.528,41.382,23.69,VER,2024,Bahrain
54.0,0 days 00:01:35.334000,0 days 00:00:30.427000,0 days 00:00:41.227000,0 days 00:00:23.680000,SOFT,17.0,95.334,30.427,41.227,23.68,VER,2024,Bahrain
55.0,0 days 00:01:35.184000,0 days 00:00:30.493000,0 days 00:00:41.220000,0 days 00:00:23.471000,SOFT,18.0,95.184,30.493,41.22,23.471,VER,2024,Bahrain
56.0,0 days 00:01:34.671000,0 days 00:00:30.256000,0 days 00:00:40.870000,0 days 00:00:23.545000,SOFT,19.0,94.671,30.256,40.87,23.545,VER,2024,Bahrain
57.0,0 days 00:01:34.923000,0 days 00:00:30.384000,0 days 00:00:40.910000,0 days 00:00:23.629000,SOFT,20.0,94.923,30.384,40.91,23.629,VER,2024,Bahrain
1.0,0 days 00:01:38.271000,,0 days 00:00:41.549000,0 days 00:00:23.635000,SOFT,4.0,98.271,,41.549,23.635,LEC,2024,Bahrain
2.0,0 days 00:01:36.862000,0 days 00:00:31.166000,0 days 00:00:41.864000,0 days 00:00:23.832000,SOFT,5.0,96.862,31.166,41.864,23.832,LEC,2024,Bahrain
3.0,0 days 00:01:38.062000,0 days 00:00:31.223000,0 days 00:00:42.856000,0 days 00:00:23.983000,SOFT,6.0,98.062,31.223,42.856,23.983,LEC,2024,Bahrain
4.0,0 days 00:01:37.752000,0 days 00:00:30.958000,0 days 00:00:42.784000,0 days 00:00:24.010000,SOFT,7.0,97.752,30.958,42.784,24.01,LEC,2024,Bahrain
5.0,0 days 00:01:38.131000,0 days 00:00:31.192000,0 days 00:00:42.872000,0 days 00:00:24.067000,SOFT,8.0,98.131,31.192,42.872,24.067,LEC,2024,Bahrain
6.0,0 days 00:01:37.782000,0 days 00:00:30.936000,0 days 00:00:42.751000,0 days 00:00:24.095000,SOFT,9.0,97.782,30.936,42.751,24.095,LEC,2024,Bahrain
7.0,0 days 00:01:38.957000,0 days 00:00:31.008000,0 days 00:00:43.761000,0 days 00:00:24.188000,SOFT,10.0,98.957,31.008,43.761,24.188,LEC,2024,Bahrain
8.0,0 days 00:01:38.136000,0 days 00:00:31.200000,0 days 00:00:42.753000,0 days 00:00:24.183000,SOFT,11.0,98.136,31.2,42.753,24.183,LEC,2024,Bahrain
9.0,0 days 00:01:37.844000,0 days 00:00:31.147000,0 days 00:00:42.533000,0 days 00:00:24.164000,SOFT,12.0,97.844,31.147,42.533,24.164,LEC,2024,Bahrain
10.0,0 days 00:01:37.884000,0 days 00:00:30.988000,0 days 00:00:42.534000,0 days 00:00:24.362000,SOFT,13.0,97.884,30.988,42.534,24.362,LEC,2024,Bahrain
13.0,0 days 00:01:36.432000,0 days 00:00:30.580000,0 days 00:00:42.173000,0 days 00:00:23.679000,HARD,2.0,96.432,30.58,42.173,23.679,LEC,2024,Bahrain
14.0,0 days 00:01:36.756000,0 days 00:00:30.787000,0 days 00:00:42.232000,0 days 00:00:23.737000,HARD,3.0,96.756,30.787,42.232,23.737,LEC,2024,Bahrain
15.0,0 days 00:01:36.813000,0 days 00:00:30.831000,0 days 00:00:42.256000,0 days 00:00:23.726000,HARD,4.0,96.813,30.831,42.256,23.726,LEC,2024,Bahrain
16.0,0 days 00:01:36.673000,0 days 00:00:30.606000,0 days 00:00:42.320000,0 days 00:00:23.747000,HARD,5.0,96.673,30.606,42.32,23.747,LEC,2024,Bahrain
17.0,0 days 00:01:37.302000,0 days 00:00:31.109000,0 days 00:00:42.332000,0 days 00:00:23.861000,HARD,6.0,97.302,31.109,42.332,23.861,LEC,2024,Bahrain
18.0,0 days 00:01:37.438000,0 days 00:00:31.180000,0 days 00:00:42.467000,0 days 00:00:23.791000,HARD,7.0,97.438,31.18,42.467,23.791,LEC,2024,Bahrain
19.0,0 days 00:01:36.821000,0 days 00:00:30.986000,0 days 00:00:42.030000,0 days 00:00:23.805000,HARD,8.0,96.821,30.986,42.03,23.805,LEC,2024,Bahrain
20.0,0 days 00:01:36.794000,0 days 00:00:30.839000,0 days 00:00:42.103000,0 days 00:00:23.852000,HARD,9.0,96.794,30.839,42.103,23.852,LEC,2024,Bahrain
21.0,0 days 00:01:36.977000,0 days 00:00:31.089000,0 days 00:00:42.091000,0 days 00:00:23.797000,HARD,10.0,96.977,31.089,42.091,23.797,LEC,2024,Bahrain
22.0,0 days 00:01:36.796000,0 days 00:00:30.994000,0 days 00:00:41.976000,0 days 00:00:23.826000,HARD,11.0,96.796,30.994,41.976,23.826,LEC,2024,Bahrain
23.0,0 days 00:01:36.987000,0 days 00:00:31.131000,0 days 00:00:41.941000,0 days 00:00:23.915000,HARD,12.0,96.987,31.131,41.941,23.915,LEC,2024,Bahrain
24.0,0 days 00:01:36.924000,0 days 00:00:31.083000,0 days 00:00:41.904000,0 days 00:00:23.937000,HARD,13.0,96.924,31.083,41.904,23.937,LEC,2024,Bahrain
25.0,0 days 00:01:36.760000,0 days 00:00:31.059000,0 days 00:00:41.828000,0 days 00:00:23.873000,HARD,14.0,96.76,31.059,41.828,23.873,LEC,2024,Bahrain
26.0,0 days 00:01:36.810000,0 days 00:00:30.991000,0 days 00:00:41.901000,0 days 00:00:23.918000,HARD,15.0,96.81,30.991,41.901,23.918,LEC,2024,Bahrain
27.0,0 days 00:01:36.831000,0 days 00:00:31.081000,0 days 00:00:41.881000,0 days 00:00:23.869000,HARD,16.0,96.831,31.081,41.881,23.869,LEC,2024,Bahrain
28.0,0 days 00:01:36.907000,0 days 00:00:31.019000,0 days 00:00:41.971000,0 days 00:00:23.917000,HARD,17.0,96.907,31.019,41.971,23.917,LEC,2024,Bahrain
29.0,0 days 00:01:36.963000,0 days 00:00:30.974000,0 days 00:00:42.065000,0 days 00:00:23.924000,HARD,18.0,96.963,30.974,42.065,23.924,LEC,2024,Bahrain
30.0,0 days 00:01:37.158000,0 days 00:00:31.134000,0 days 00:00:42.030000,0 days 00:00:23.994000,HARD,19.0,97.158,31.134,42.03,23.994,LEC,2024,Bahrain
31.0,0 days 00:01:37.031000,0 days 00:00:30.999000,0 days 00:00:42.079000,0 days 00:00:23.953000,HARD,20.0,97.031,30.999,42.079,23.953,LEC,2024,Bahrain
32.0,0 days 00:01:36.941000,0 days 00:00:31.153000,0 days 00:00:41.922000,0 days 00:00:23.866000,HARD,21.0,96.941,31.153,41.922,23.866,LEC,2024,Bahrain
33.0,0 days 00:01:36.741000,0 days 00:00:30.990000,0 days 00:00:41.868000,0 days 00:00:23.883000,HARD,22.0,96.741,30.99,41.868,23.883,LEC,2024,Bahrain
34.0,0 days 00:01:39.614000,0 days 00:00:31.219000,0 days 00:00:41.932000,0 days 00:00:26.463000,HARD,23.0,99.614,31.219,41.932,26.463,LEC,2024,Bahrain
36.0,0 days 00:01:34.090000,0 days 00:00:30.063000,0 days 00:00:40.650000,0 days 00:00:23.377000,HARD,2.0,94.09,30.063,40.65,23.377,LEC,2024,Bahrain
37.0,0 days 00:01:34.897000,0 days 00:00:30.611000,0 days 00:00:40.962000,0 days 00:00:23.324000,HARD,3.0,94.897,30.611,40.962,23.324,LEC,2024,Bahrain
38.0,0 days 00:01:34.783000,0 days 00:00:30.550000,0 days 00:00:40.953000,0 days 00:00:23.280000,HARD,4.0,94.783,30.55,40.953,23.28,LEC,2024,Bahrain
39.0,0 days 00:01:35.087000,0 days 00:00:30.604000,0 days 00:00:41.077000,0 days 00:00:23.406000,HARD,5.0,95.087,30.604,41.077,23.406,LEC,2024,Bahrain
40.0,0 days 00:01:34.859000,0 days 00:00:30.507000,0 days 00:00:40.836000,0 days 00:00:23.516000,HARD,6.0,94.859,30.507,40.836,23.516,LEC,2024,Bahrain
41.0,0 days 00:01:35.028000,0 days 00:00:30.539000,0 days 00:00:41.033000,0 days 00:00:23.456000,HARD,7.0,95.028,30.539,41.033,23.456,LEC,2024,Bahrain
42.0,0 days 00:01:34.982000,0 days 00:00:30.413000,0 days 00:00:41.067000,0 days 00:00:23.502000,HARD,8.0,94.982,30.413,41.067,23.502,LEC,2024,Bahrain
43.0,0 days 00:01:35.192000,0 days 00:00:30.286000,0 days 00:00:41.367000,0 days 00:00:23.539000,HARD,9.0,95.192,30.286,41.367,23.539,LEC,2024,Bahrain
44.0,0 days 00:01:35.051000,0 days 00:00:30.468000,0 days 00:00:41.124000,0 days 00:00:23.459000,HARD,10.0,95.051,30.468,41.124,23.459,LEC,2024,Bahrain
45.0,0 days 00:01:35.220000,0 days 00:00:30.355000,0 days 00:00:41.281000,0 days 00:00:23.584000,HARD,11.0,95.22,30.355,41.281,23.584,LEC,2024,Bahrain
46.0,0 days 00:01:35.058000,0 days 00:00:30.238000,0 days 00:00:41.400000,0 days 00:00:23.420000,HARD,12.0,95.058,30.238,41.4,23.42,LEC,2024,Bahrain
47.0,0 days 00:01:35.057000,0 days 00:00:30.577000,0 days 00:00:41.115000,0 days 00:00:23.365000,HARD,13.0,95.057,30.577,41.115,23.365,LEC,2024,Bahrain
48.0,0 days 00:01:35.308000,0 days 00:00:30.640000,0 days 00:00:41.183000,0 days 00:00:23.485000,HARD,14.0,95.308,30.64,41.183,23.485,LEC,2024,Bahrain
49.0,0 days 00:01:35.302000,0 days 00:00:30.689000,0 days 00:00:41.120000,0 days 00:00:23.493000,HARD,15.0,95.302,30.689,41.12,23.493,LEC,2024,Bahrain
50.0,0 days 00:01:35.383000,0 days 00:00:30.639000,0 days 00:00:41.285000,0 days 00:00:23.459000,HARD,16.0,95.383,30.639,41.285,23.459,LEC,2024,Bahrain
51.0,0 days 00:01:35.418000,0 days 00:00:30.721000,0 days 00:00:41.116000,0 days 00:00:23.581000,HARD,17.0,95.418,30.721,41.116,23.581,LEC,2024,Bahrain
52.0,0 days 00:01:35.394000,0 days 00:00:30.693000,0 days 00:00:41.156000,0 days 00:00:23.545000,HARD,18.0,95.394,30.693,41.156,23.545,LEC,2024,Bahrain
53.0,0 days 00:01:35.480000,0 days 00:00:30.777000,0 days 00:00:41.227000,0 days 00:00:23.476000,HARD,19.0,95.48,30.777,41.227,23.476,LEC,2024,Bahrain
54.0,0 days 00:01:35.265000,0 days 00:00:30.700000,0 days 00:00:41.077000,0 days 00:00:23.488000,HARD,20.0,95.265,30.7,41.077,23.488,LEC,2024,Bahrain
55.0,0 days 00:01:35.785000,0 days 00:00:30.857000,0 days 00:00:41.308000,0 days 00:00:23.620000,HARD,21.0,95.785,30.857,41.308,23.62,LEC,2024,Bahrain
56.0,0 days 00:01:35.924000,0 days 00:00:30.744000,0 days 00:00:41.565000,0 days 00:00:23.615000,HARD,22.0,95.924,30.744,41.565,23.615,LEC,2024,Bahrain
57.0,0 days 00:01:36.324000,0 days 00:00:30.856000,0 days 00:00:41.655000,0 days 00:00:23.813000,HARD,23.0,96.324,30.856,41.655,23.813,LEC,2024,Bahrain
2.0,0 days 00:01:38.273000,0 days 00:00:31.287000,0 days 00:00:42.893000,0 days 00:00:24.093000,SOFT,5.0,98.273,31.287,42.893,24.093,HAM,2024,Bahrain
3.0,0 days 00:01:38.303000,0 days 00:00:31.062000,0 days 00:00:43.099000,0 days 00:00:24.142000,SOFT,6.0,98.303,31.062,43.099,24.142,HAM,2024,Bahrain
4.0,0 days 00:01:38.287000,0 days 00:00:30.983000,0 days 00:00:43.146000,0 days 00:00:24.158000,SOFT,7.0,98.287,30.983,43.146,24.158,HAM,2024,Bahrain
5.0,0 days 00:01:38.350000,0 days 00:00:31.140000,0 days 00:00:43.010000,0 days 00:00:24.200000,SOFT,8.0,98.35,31.14,43.01,24.2,HAM,2024,Bahrain
6.0,0 days 00:01:38.183000,0 days 00:00:31.124000,0 days 00:00:42.887000,0 days 00:00:24.172000,SOFT,9.0,98.183,31.124,42.887,24.172,HAM,2024,Bahrain
7.0,0 days 00:01:37.839000,0 days 00:00:30.829000,0 days 00:00:42.823000,0 days 00:00:24.187000,SOFT,10.0,97.839,30.829,42.823,24.187,HAM,2024,Bahrain
8.0,0 days 00:01:38.221000,0 days 00:00:31.079000,0 days 00:00:42.886000,0 days 00:00:24.256000,SOFT,11.0,98.221,31.079,42.886,24.256,HAM,2024,Bahrain
9.0,0 days 00:01:38.645000,0 days 00:00:31.088000,0 days 00:00:43.171000,0 days 00:00:24.386000,SOFT,12.0,98.645,31.088,43.171,24.386,HAM,2024,Bahrain
10.0,0 days 00:01:38.037000,0 days 00:00:30.931000,0 days 00:00:42.821000,0 days 00:00:24.285000,SOFT,13.0,98.037,30.931,42.821,24.285,HAM,2024,Bahrain
11.0,0 days 00:01:38.236000,0 days 00:00:31.279000,0 days 00:00:42.819000,0 days 00:00:24.138000,SOFT,14.0,98.236,31.279,42.819,24.138,HAM,2024,Bahrain
12.0,0 days 00:01:40.889000,0 days 00:00:31.206000,0 days 00:00:42.881000,0 days 00:00:26.802000,SOFT,15.0,100.889,31.206,42.881,26.802,HAM,2024,Bahrain
14.0,0 days 00:01:37.178000,0 days 00:00:31.073000,0 days 00:00:42.404000,0 days 00:00:23.701000,HARD,2.0,97.178,31.073,42.404,23.701,HAM,2024,Bahrain
15.0,0 days 00:01:37.264000,0 days 00:00:31.095000,0 days 00:00:42.315000,0 days 00:00:23.854000,HARD,3.0,97.264,31.095,42.315,23.854,HAM,2024,Bahrain
16.0,0 days 00:01:37.091000,0 days 00:00:31.165000,0 days 00:00:42.207000,0 days 00:00:23.719000,HARD,4.0,97.091,31.165,42.207,23.719,HAM,2024,Bahrain
17.0,0 days 00:01:37.111000,0 days 00:00:30.738000,0 days 00:00:42.640000,0 days 00:00:23.733000,HARD,5.0,97.111,30.738,42.64,23.733,HAM,2024,Bahrain
18.0,0 days 00:01:36.850000,0 days 00:00:30.825000,0 days 00:00:42.221000,0 days 00:00:23.804000,HARD,6.0,96.85,30.825,42.221,23.804,HAM,2024,Bahrain
19.0,0 days 00:01:36.694000,0 days 00:00:30.848000,0 days 00:00:42.131000,0 days 00:00:23.715000,HARD,7.0,96.694,30.848,42.131,23.715,HAM,2024,Bahrain
20.0,0 days 00:01:36.264000,0 days 00:00:30.768000,0 days 00:00:41.794000,0 days 00:00:23.702000,HARD,8.0,96.264,30.768,41.794,23.702,HAM,2024,Bahrain
21.0,0 days 00:01:36.510000,0 days 00:00:30.757000,0 days 00:00:42.003000,0 days 00:00:23.750000,HARD,9.0,96.51,30.757,42.003,23.75,HAM,2024,Bahrain
22.0,0 days 00:01:36.633000,0 days 00:00:30.733000,0 days 00:00:42.141000,0 days 00:00:23.759000,HARD,10.0,96.633,30.733,42.141,23.759,HAM,2024,Bahrain
23.0,0 days 00:01:36.717000,0 days 00:00:30.884000,0 days 00:00:42.063000,0 days 00:00:23.770000,HARD,11.0,96.717,30.884,42.063,23.77,HAM,2024,Bahrain
24.0,0 days 00:01:36.666000,0 days 00:00:30.826000,0 days 00:00:42.100000,0 days 00:00:23.740000,HARD,12.0,96.666,30.826,42.1,23.74,HAM,2024,Bahrain
25.0,0 days 00:01:36.919000,0 days 00:00:31.037000,0 days 00:00:42.090000,0 days 00:00:23.792000,HARD,13.0,96.919,31.037,42.09,23.792,HAM,2024,Bahrain
26.0,0 days 00:01:36.714000,0 days 00:00:30.847000,0 days 00:00:42.095000,0 days 00:00:23.772000,HARD,14.0,96.714,30.847,42.095,23.772,HAM,2024,Bahrain
27.0,0 days 00:01:37.201000,0 days 00:00:30.891000,0 days 00:00:42.390000,0 days 00:00:23.920000,HARD,15.0,97.201,30.891,42.39,23.92,HAM,2024,Bahrain
28.0,0 days 00:01:36.692000,0 days 00:00:30.907000,0 days 00:00:41.948000,0 days 00:00:23.837000,HARD,16.0,96.692,30.907,41.948,23.837,HAM,2024,Bahrain
29.0,0 days 00:01:36.786000,0 days 00:00:30.897000,0 days 00:00:42.023000,0 days 00:00:23.866000,HARD,17.0,96.786,30.897,42.023,23.866,HAM,2024,Bahrain
30.0,0 days 00:01:37.244000,0 days 00:00:30.945000,0 days 00:00:42.370000,0 days 00:00:23.929000,HARD,18.0,97.244,30.945,42.37,23.929,HAM,2024,Bahrain
31.0,0 days 00:01:36.975000,0 days 00:00:30.837000,0 days 00:00:42.175000,0 days 00:00:23.963000,HARD,19.0,96.975,30.837,42.175,23.963,HAM,2024,Bahrain
32.0,0 days 00:01:37.325000,0 days 00:00:31.076000,0 days 00:00:42.235000,0 days 00:00:24.014000,HARD,20.0,97.325,31.076,42.235,24.014,HAM,2024,Bahrain
33.0,0 days 00:01:39.696000,0 days 00:00:30.937000,0 days 00:00:42.399000,0 days 00:00:26.360000,HARD,21.0,99.696,30.937,42.399,26.36,HAM,2024,Bahrain
35.0,0 days 00:01:35.489000,0 days 00:00:30.776000,0 days 00:00:41.304000,0 days 00:00:23.409000,HARD,2.0,95.489,30.776,41.304,23.409,HAM,2024,Bahrain
36.0,0 days 00:01:35.279000,0 days 00:00:30.303000,0 days 00:00:41.653000,0 days 00:00:23.323000,HARD,3.0,95.279,30.303,41.653,23.323,HAM,2024,Bahrain
37.0,0 days 00:01:35.597000,0 days 00:00:30.384000,0 days 00:00:41.575000,0 days 00:00:23.638000,HARD,4.0,95.597,30.384,41.575,23.638,HAM,2024,Bahrain
38.0,0 days 00:01:34.966000,0 days 00:00:30.060000,0 days 00:00:41.423000,0 days 00:00:23.483000,HARD,5.0,94.966,30.06,41.423,23.483,HAM,2024,Bahrain
39.0,0 days 00:01:34.722000,0 days 00:00:30.170000,0 days 00:00:41.159000,0 days 00:00:23.393000,HARD,6.0,94.722,30.17,41.159,23.393,HAM,2024,Bahrain
40.0,0 days 00:01:35.041000,0 days 00:00:30.443000,0 days 00:00:41.198000,0 days 00:00:23.400000,HARD,7.0,95.041,30.443,41.198,23.4,HAM,2024,Bahrain
41.0,0 days 00:01:34.940000,0 days 00:00:30.463000,0 days 00:00:41.116000,0 days 00:00:23.361000,HARD,8.0,94.94,30.463,41.116,23.361,HAM,2024,Bahrain
42.0,0 days 00:01:34.996000,0 days 00:00:30.426000,0 days 00:00:41.130000,0 days 00:00:23.440000,HARD,9.0,94.996,30.426,41.13,23.44,HAM,2024,Bahrain
43.0,0 days 00:01:34.935000,0 days 00:00:30.437000,0 days 00:00:41.134000,0 days 00:00:23.364000,HARD,10.0,94.935,30.437,41.134,23.364,HAM,2024,Bahrain
44.0,0 days 00:01:35.169000,0 days 00:00:30.494000,0 days 00:00:41.229000,0 days 00:00:23.446000,HARD,11.0,95.169,30.494,41.229,23.446,HAM,2024,Bahrain
45.0,0 days 00:01:35.184000,0 days 00:00:30.483000,0 days 00:00:41.299000,0 days 00:00:23.402000,HARD,12.0,95.184,30.483,41.299,23.402,HAM,2024,Bahrain
46.0,0 days 00:01:35.285000,0 days 00:00:30.569000,0 days 00:00:41.258000,0 days 00:00:23.458000,HARD,13.0,95.285,30.569,41.258,23.458,HAM,2024,Bahrain
47.0,0 days 00:01:35.226000,0 days 00:00:30.514000,0 days 00:00:41.311000,0 days 00:00:23.401000,HARD,14.0,95.226,30.514,41.311,23.401,HAM,2024,Bahrain
48.0,0 days 00:01:36.165000,0 days 00:00:30.691000,0 days 00:00:41.926000,0 days 00:00:23.548000,HARD,15.0,96.165,30.691,41.926,23.548,HAM,2024,Bahrain
49.0,0 days 00:01:35.914000,0 days 00:00:30.616000,0 days 00:00:41.819000,0 days 00:00:23.479000,HARD,16.0,95.914,30.616,41.819,23.479,HAM,2024,Bahrain
50.0,0 days 00:01:35.612000,0 days 00:00:30.655000,0 days 00:00:41.454000,0 days 00:00:23.503000,HARD,17.0,95.612,30.655,41.454,23.503,HAM,2024,Bahrain
51.0,0 days 00:01:35.532000,0 days 00:00:30.597000,0 days 00:00:41.403000,0 days 00:00:23.532000,HARD,18.0,95.532,30.597,41.403,23.532,HAM,2024,Bahrain
52.0,0 days 00:01:35.479000,0 days 00:00:30.578000,0 days 00:00:41.382000,0 days 00:00:23.519000,HARD,19.0,95.479,30.578,41.382,23.519,HAM,2024,Bahrain
53.0,0 days 00:01:35.550000,0 days 00:00:30.643000,0 days 00:00:41.252000,0 days 00:00:23.655000,HARD,20.0,95.55,30.643,41.252,23.655,HAM,2024,Bahrain
54.0,0 days 00:01:35.974000,0 days 00:00:30.792000,0 days 00:00:41.706000,0 days 00:00:23.476000,HARD,21.0,95.974,30.792,41.706,23.476,HAM,2024,Bahrain
55.0,0 days 00:01:35.633000,0 days 00:00:30.602000,0 days 00:00:41.487000,0 days 00:00:23.544000,HARD,22.0,95.633,30.602,41.487,23.544,HAM,2024,Bahrain
56.0,0 days 00:01:35.706000,0 days 00:00:30.597000,0 days 00:00:41.564000,0 days 00:00:23.545000,HARD,23.0,95.706,30.597,41.564,23.545,HAM,2024,Bahrain
57.0,0 days 00:01:36.138000,0 days 00:00:30.687000,0 days 00:00:41.847000,0 days 00:00:23.604000,HARD,24.0,96.138,30.687,41.847,23.604,HAM,2024,Bahrain
2.0,0 days 00:01:38.010000,0 days 00:00:31.353000,0 days 00:00:42.618000,0 days 00:00:24.039000,SOFT,5.0,98.01,31.353,42.618,24.039,NOR,2024,Bahrain
3.0,0 days 00:01:37.787000,0 days 00:00:31.112000,0 days 00:00:42.476000,0 days 00:00:24.199000,SOFT,6.0,97.787,31.112,42.476,24.199,NOR,2024,Bahrain
4.0,0 days 00:01:37.450000,0 days 00:00:31.115000,0 days 00:00:42.193000,0 days 00:00:24.142000,SOFT,7.0,97.45,31.115,42.193,24.142,NOR,2024,Bahrain
5.0,0 days 00:01:37.794000,0 days 00:00:31.258000,0 days 00:00:42.379000,0 days 00:00:24.157000,SOFT,8.0,97.794,31.258,42.379,24.157,NOR,2024,Bahrain
6.0,0 days 00:01:37.896000,0 days 00:00:31.027000,0 days 00:00:42.622000,0 days 00:00:24.247000,SOFT,9.0,97.896,31.027,42.622,24.247,NOR,2024,Bahrain
7.0,0 days 00:01:37.860000,0 days 00:00:31.074000,0 days 00:00:42.514000,0 days 00:00:24.272000,SOFT,10.0,97.86,31.074,42.514,24.272,NOR,2024,Bahrain
8.0,0 days 00:01:38.134000,0 days 00:00:31.171000,0 days 00:00:42.688000,0 days 00:00:24.275000,SOFT,11.0,98.134,31.171,42.688,24.275,NOR,2024,Bahrain
9.0,0 days 00:01:38.064000,0 days 00:00:31.051000,0 days 00:00:42.721000,0 days 00:00:24.292000,SOFT,12.0,98.064,31.051,42.721,24.292,NOR,2024,Bahrain
10.0,0 days 00:01:37.936000,0 days 00:00:31.019000,0 days 00:00:42.563000,0 days 00:00:24.354000,SOFT,13.0,97.936,31.019,42.563,24.354,NOR,2024,Bahrain
11.0,0 days 00:01:38.172000,0 days 00:00:31.163000,0 days 00:00:42.740000,0 days 00:00:24.269000,SOFT,14.0,98.172,31.163,42.74,24.269,NOR,2024,Bahrain
12.0,0 days 00:01:38.082000,0 days 00:00:31.232000,0 days 00:00:42.561000,0 days 00:00:24.289000,SOFT,15.0,98.082,31.232,42.561,24.289,NOR,2024,Bahrain
13.0,0 days 00:01:40.635000,0 days 00:00:31.225000,0 days 00:00:42.508000,0 days 00:00:26.902000,SOFT,16.0,100.635,31.225,42.508,26.902,NOR,2024,Bahrain
15.0,0 days 00:01:36.912000,0 days 00:00:31.011000,0 days 00:00:42.058000,0 days 00:00:23.843000,HARD,2.0,96.912,31.011,42.058,23.843,NOR,2024,Bahrain
16.0,0 days 00:01:36.565000,0 days 00:00:30.716000,0 days 00:00:42.031000,0 days 00:00:23.818000,HARD,3.0,96.565,30.716,42.031,23.818,NOR,2024,Bahrain
17.0,0 days 00:01:36.776000,0 days 00:00:31.049000,0 days 00:00:41.973000,0 days 00:00:23.754000,HARD,4.0,96.776,31.049,41.973,23.754,NOR,2024,Bahrain
18.0,0 days 00:01:36.508000,0 days 00:00:30.803000,0 days 00:00:41.777000,0 days 00:00:23.928000,HARD,5.0,96.508,30.803,41.777,23.928,NOR,2024,Bahrain
19.0,0 days 00:01:36.416000,0 days 00:00:30.870000,0 days 00:00:41.774000,0 days 00:00:23.772000,HARD,6.0,96.416,30.87,41.774,23.772,NOR,2024,Bahrain
20.0,0 days 00:01:36.501000,0 days 00:00:30.817000,0 days 00:00:41.871000,0 days 00:00:23.813000,HARD,7.0,96.501,30.817,41.871,23.813,NOR,2024,Bahrain
21.0,0 days 00:01:36.620000,0 days 00:00:30.889000,0 days 00:00:41.825000,0 days 00:00:23.906000,HARD,8.0,96.62,30.889,41.825,23.906,NOR,2024,Bahrain
22.0,0 days 00:01:36.668000,0 days 00:00:30.839000,0 days 00:00:41.822000,0 days 00:00:24.007000,HARD,9.0,96.668,30.839,41.822,24.007,NOR,2024,Bahrain
23.0,0 days 00:01:36.696000,0 days 00:00:30.920000,0 days 00:00:41.877000,0 days 00:00:23.899000,HARD,10.0,96.696,30.92,41.877,23.899,NOR,2024,Bahrain
24.0,0 days 00:01:36.823000,0 days 00:00:30.890000,0 days 00:00:42.047000,0 days 00:00:23.886000,HARD,11.0,96.823,30.89,42.047,23.886,NOR,2024,Bahrain
25.0,0 days 00:01:36.730000,0 days 00:00:30.923000,0 days 00:00:41.924000,0 days 00:00:23.883000,HARD,12.0,96.73,30.923,41.924,23.883,NOR,2024,Bahrain
26.0,0 days 00:01:36.566000,0 days 00:00:30.845000,0 days 00:00:41.878000,0 days 00:00:23.843000,HARD,13.0,96.566,30.845,41.878,23.843,NOR,2024,Bahrain
27.0,0 days 00:01:36.726000,0 days 00:00:30.873000,0 days 00:00:41.939000,0 days 00:00:23.914000,HARD,14.0,96.726,30.873,41.939,23.914,NOR,2024,Bahrain
28.0,0 days 00:01:37.018000,0 days 00:00:30.980000,0 days 00:00:41.984000,0 days 00:00:24.054000,HARD,15.0,97.018,30.98,41.984,24.054,NOR,2024,Bahrain
29.0,0 days 00:01:37.041000,0 days 00:00:30.879000,0 days 00:00:42.160000,0 days 00:00:24.002000,HARD,16.0,97.041,30.879,42.16,24.002,NOR,2024,Bahrain
30.0,0 days 00:01:36.986000,0 days 00:00:30.946000,0 days 00:00:42.076000,0 days 00:00:23.964000,HARD,17.0,96.986,30.946,42.076,23.964,NOR,2024,Bahrain
31.0,0 days 00:01:37.083000,0 days 00:00:30.944000,0 days 00:00:42.127000,0 days 00:00:24.012000,HARD,18.0,97.083,30.944,42.127,24.012,NOR,2024,Bahrain
32.0,0 days 00:01:37.171000,0 days 00:00:30.994000,0 days 00:00:42.140000,0 days 00:00:24.037000,HARD,19.0,97.171,30.994,42.14,24.037,NOR,2024,Bahrain
33.0,0 days 00:01:39.626000,0 days 00:00:31.223000,0 days 00:00:42.016000,0 days 00:00:26.387000,HARD,20.0,99.626,31.223,42.016,26.387,NOR,2024,Bahrain
35.0,0 days 00:01:34.476000,0 days 00:00:30.320000,0 days 00:00:40.838000,0 days 00:00:23.318000,HARD,2.0,94.476,30.32,40.838,23.318,NOR,2024,Bahrain
36.0,0 days 00:01:35.690000,0 days 00:00:30.162000,0 days 00:00:42.072000,0 days 00:00:23.456000,HARD,3.0,95.69,30.162,42.072,23.456,NOR,2024,Bahrain
37.0,0 days 00:01:35.067000,0 days 00:00:30.355000,0 days 00:00:41.339000,0 days 00:00:23.373000,HARD,4.0,95.067,30.355,41.339,23.373,NOR,2024,Bahrain
38.0,0 days 00:01:35.149000,0 days 00:00:30.480000,0 days 00:00:41.161000,0 days 00:00:23.508000,HARD,5.0,95.149,30.48,41.161,23.508,NOR,2024,Bahrain
39.0,0 days 00:01:34.880000,0 days 00:00:30.350000,0 days 00:00:41.047000,0 days 00:00:23.483000,HARD,6.0,94.88,30.35,41.047,23.483,NOR,2024,Bahrain
40.0,0 days 00:01:35.276000,0 days 00:00:30.366000,0 days 00:00:41.222000,0 days 00:00:23.688000,HARD,7.0,95.276,30.366,41.222,23.688,NOR,2024,Bahrain
41.0,0 days 00:01:35.069000,0 days 00:00:30.318000,0 days 00:00:41.261000,0 days 00:00:23.490000,HARD,8.0,95.069,30.318,41.261,23.49,NOR,2024,Bahrain
42.0,0 days 00:01:35.165000,0 days 00:00:30.402000,0 days 00:00:41.212000,0 days 00:00:23.551000,HARD,9.0,95.165,30.402,41.212,23.551,NOR,2024,Bahrain
43.0,0 days 00:01:35.295000,0 days 00:00:30.462000,0 days 00:00:41.196000,0 days 00:00:23.637000,HARD,10.0,95.295,30.462,41.196,23.637,NOR,2024,Bahrain
44.0,0 days 00:01:35.346000,0 days 00:00:30.488000,0 days 00:00:41.267000,0 days 00:00:23.591000,HARD,11.0,95.346,30.488,41.267,23.591,NOR,2024,Bahrain
45.0,0 days 00:01:35.338000,0 days 00:00:30.468000,0 days 00:00:41.240000,0 days 00:00:23.630000,HARD,12.0,95.338,30.468,41.24,23.63,NOR,2024,Bahrain
46.0,0 days 00:01:35.371000,0 days 00:00:30.485000,0 days 00:00:41.244000,0 days 00:00:23.642000,HARD,13.0,95.371,30.485,41.244,23.642,NOR,2024,Bahrain
47.0,0 days 00:01:35.485000,0 days 00:00:30.546000,0 days 00:00:41.341000,0 days 00:00:23.598000,HARD,14.0,95.485,30.546,41.341,23.598,NOR,2024,Bahrain
48.0,0 days 00:01:35.717000,0 days 00:00:30.638000,0 days 00:00:41.369000,0 days 00:00:23.710000,HARD,15.0,95.717,30.638,41.369,23.71,NOR,2024,Bahrain
49.0,0 days 00:01:35.674000,0 days 00:00:30.640000,0 days 00:00:41.340000,0 days 00:00:23.694000,HARD,16.0,95.674,30.64,41.34,23.694,NOR,2024,Bahrain
50.0,0 days 00:01:35.657000,0 days 00:00:30.563000,0 days 00:00:41.375000,0 days 00:00:23.719000,HARD,17.0,95.657,30.563,41.375,23.719,NOR,2024,Bahrain
51.0,0 days 00:01:36.038000,0 days 00:00:30.786000,0 days 00:00:41.516000,0 days 00:00:23.736000,HARD,18.0,96.038,30.786,41.516,23.736,NOR,2024,Bahrain
52.0,0 days 00:01:35.922000,0 days 00:00:30.655000,0 days 00:00:41.461000,0 days 00:00:23.806000,HARD,19.0,95.922,30.655,41.461,23.806,NOR,2024,Bahrain
53.0,0 days 00:01:35.782000,0 days 00:00:30.666000,0 days 00:00:41.392000,0 days 00:00:23.724000,HARD,20.0,95.782,30.666,41.392,23.724,NOR,2024,Bahrain
54.0,0 days 00:01:35.934000,0 days 00:00:30.672000,0 days 00:00:41.387000,0 days 00:00:23.875000,HARD,21.0,95.934,30.672,41.387,23.875,NOR,2024,Bahrain
55.0,0 days 00:01:36.223000,0 days 00:00:31.035000,0 days 00:00:41.372000,0 days 00:00:23.816000,HARD,22.0,96.223,31.035,41.372,23.816,NOR,2024,Bahrain
56.0,0 days 00:01:35.976000,0 days 00:00:30.691000,0 days 00:00:41.471000,0 days 00:00:23.814000,HARD,23.0,95.976,30.691,41.471,23.814,NOR,2024,Bahrain
57.0,0 days 00:01:36.582000,0 days 00:00:30.771000,0 days 00:00:41.992000,0 days 00:00:23.819000,HARD,24.0,96.582,30.771,41.992,23.819,NOR,2024,Bahrain
1.0,0 days 00:01:40.620000,,0 days 00:00:42.861000,0 days 00:00:23.765000,SOFT,4.0,100.62,,42.861,23.765,SAI,2024,Bahrain
2.0,0 days 00:01:37.236000,0 days 00:00:30.974000,0 days 00:00:42.366000,0 days 00:00:23.896000,SOFT,5.0,97.236,30.974,42.366,23.896,SAI,2024,Bahrain
3.0,0 days 00:01:37.080000,0 days 00:00:31.049000,0 days 00:00:42.179000,0 days 00:00:23.852000,SOFT,6.0,97.08,31.049,42.179,23.852,SAI,2024,Bahrain
4.0,0 days 00:01:37.264000,0 days 00:00:30.957000,0 days 00:00:42.373000,0 days 00:00:23.934000,SOFT,7.0,97.264,30.957,42.373,23.934,SAI,2024,Bahrain
5.0,0 days 00:01:38.032000,0 days 00:00:30.967000,0 days 00:00:42.821000,0 days 00:00:24.244000,SOFT,8.0,98.032,30.967,42.821,24.244,SAI,2024,Bahrain
6.0,0 days 00:01:37.741000,0 days 00:00:30.879000,0 days 00:00:42.803000,0 days 00:00:24.059000,SOFT,9.0,97.741,30.879,42.803,24.059,SAI,2024,Bahrain
7.0,0 days 00:01:38.260000,0 days 00:00:30.847000,0 days 00:00:43.148000,0 days 00:00:24.265000,SOFT,10.0,98.26,30.847,43.148,24.265,SAI,2024,Bahrain
8.0,0 days 00:01:38.183000,0 days 00:00:31.341000,0 days 00:00:42.701000,0 days 00:00:24.141000,SOFT,11.0,98.183,31.341,42.701,24.141,SAI,2024,Bahrain
9.0,0 days 00:01:38.030000,0 days 00:00:30.990000,0 days 00:00:42.868000,0 days 00:00:24.172000,SOFT,12.0,98.03,30.99,42.868,24.172,SAI,2024,Bahrain
10.0,0 days 00:01:37.608000,0 days 00:00:30.819000,0 days 00:00:42.638000,0 days 00:00:24.151000,SOFT,13.0,97.608,30.819,42.638,24.151,SAI,2024,Bahrain
11.0,0 days 00:01:37.656000,0 days 00:00:31.266000,0 days 00:00:42.386000,0 days 00:00:24.004000,SOFT,14.0,97.656,31.266,42.386,24.004,SAI,2024,Bahrain
12.0,0 days 00:01:37.650000,0 days 00:00:31.089000,0 days 00:00:42.460000,0 days 00:00:24.101000,SOFT,15.0,97.65,31.089,42.46,24.101,SAI,2024,Bahrain
13.0,0 days 00:01:37.243000,0 days 00:00:31.025000,0 days 00:00:42.212000,0 days 00:00:24.006000,SOFT,16.0,97.243,31.025,42.212,24.006,SAI,2024,Bahrain
14.0,0 days 00:01:39.753000,0 days 00:00:31.011000,0 days 00:00:42.119000,0 days 00:00:26.623000,SOFT,17.0,99.753,31.011,42.119,26.623,SAI,2024,Bahrain
16.0,0 days 00:01:36.376000,0 days 00:00:30.412000,0 days 00:00:42.131000,0 days 00:00:23.833000,HARD,2.0,96.376,30.412,42.131,23.833,SAI,2024,Bahrain
17.0,0 days 00:01:35.507000,0 days 00:00:30.202000,0 days 00:00:41.758000,0 days 00:00:23.547000,HARD,3.0,95.507,30.202,41.758,23.547,SAI,2024,Bahrain
18.0,0 days 00:01:36.088000,0 days 00:00:30.590000,0 days 00:00:41.964000,0 days 00:00:23.534000,HARD,4.0,96.088,30.59,41.964,23.534,SAI,2024,Bahrain
19.0,0 days 00:01:36.236000,0 days 00:00:30.805000,0 days 00:00:41.897000,0 days 00:00:23.534000,HARD,5.0,96.236,30.805,41.897,23.534,SAI,2024,Bahrain
20.0,0 days 00:01:36.034000,0 days 00:00:30.786000,0 days 00:00:41.660000,0 days 00:00:23.588000,HARD,6.0,96.034,30.786,41.66,23.588,SAI,2024,Bahrain
21.0,0 days 00:01:36.104000,0 days 00:00:30.796000,0 days 00:00:41.752000,0 days 00:00:23.556000,HARD,7.0,96.104,30.796,41.752,23.556,SAI,2024,Bahrain
22.0,0 days 00:01:36.008000,0 days 00:00:30.686000,0 days 00:00:41.770000,0 days 00:00:23.552000,HARD,8.0,96.008,30.686,41.77,23.552,SAI,2024,Bahrain
23.0,0 days 00:01:36.149000,0 days 00:00:30.738000,0 days 00:00:41.797000,0 days 00:00:23.614000,HARD,9.0,96.149,30.738,41.797,23.614,SAI,2024,Bahrain
24.0,0 days 00:01:36.200000,0 days 00:00:30.698000,0 days 00:00:41.881000,0 days 00:00:23.621000,HARD,10.0,96.2,30.698,41.881,23.621,SAI,2024,Bahrain
25.0,0 days 00:01:36.220000,0 days 00:00:30.724000,0 days 00:00:41.907000,0 days 00:00:23.589000,HARD,11.0,96.22,30.724,41.907,23.589,SAI,2024,Bahrain
26.0,0 days 00:01:36.221000,0 days 00:00:30.714000,0 days 00:00:41.878000,0 days 00:00:23.629000,HARD,12.0,96.221,30.714,41.878,23.629,SAI,2024,Bahrain
27.0,0 days 00:01:36.272000,0 days 00:00:30.807000,0 days 00:00:41.836000,0 days 00:00:23.629000,HARD,13.0,96.272,30.807,41.836,23.629,SAI,2024,Bahrain
28.0,0 days 00:01:36.534000,0 days 00:00:30.901000,0 days 00:00:41.965000,0 days 00:00:23.668000,HARD,14.0,96.534,30.901,41.965,23.668,SAI,2024,Bahrain
29.0,0 days 00:01:36.600000,0 days 00:00:30.852000,0 days 00:00:41.970000,0 days 00:00:23.778000,HARD,15.0,96.6,30.852,41.97,23.778,SAI,2024,Bahrain
30.0,0 days 00:01:36.337000,0 days 00:00:30.746000,0 days 00:00:41.897000,0 days 00:00:23.694000,HARD,16.0,96.337,30.746,41.897,23.694,SAI,2024,Bahrain
31.0,0 days 00:01:36.537000,0 days 00:00:30.851000,0 days 00:00:41.959000,0 days 00:00:23.727000,HARD,17.0,96.537,30.851,41.959,23.727,SAI,2024,Bahrain
32.0,0 days 00:01:36.762000,0 days 00:00:30.873000,0 days 00:00:42.115000,0 days 00:00:23.774000,HARD,18.0,96.762,30.873,42.115,23.774,SAI,2024,Bahrain
33.0,0 days 00:01:36.556000,0 days 00:00:30.833000,0 days 00:00:41.987000,0 days 00:00:23.736000,HARD,19.0,96.556,30.833,41.987,23.736,SAI,2024,Bahrain
34.0,0 days 00:01:36.551000,0 days 00:00:30.858000,0 days 00:00:41.933000,0 days 00:00:23.760000,HARD,20.0,96.551,30.858,41.933,23.76,SAI,2024,Bahrain
35.0,0 days 00:01:39.274000,0 days 00:00:30.872000,0 days 00:00:42.117000,0 days 00:00:26.285000,HARD,21.0,99.274,30.872,42.117,26.285,SAI,2024,Bahrain
37.0,0 days 00:01:35.302000,0 days 00:00:30.695000,0 days 00:00:41.390000,0 days 00:00:23.217000,HARD,2.0,95.302,30.695,41.39,23.217,SAI,2024,Bahrain
38.0,0 days 00:01:35.100000,0 days 00:00:30.631000,0 days 00:00:41.329000,0 days 00:00:23.140000,HARD,3.0,95.1,30.631,41.329,23.14,SAI,2024,Bahrain
39.0,0 days 00:01:34.709000,0 days 00:00:30.481000,0 days 00:00:41.066000,0 days 00:00:23.162000,HARD,4.0,94.709,30.481,41.066,23.162,SAI,2024,Bahrain
40.0,0 days 00:01:34.739000,0 days 00:00:30.382000,0 days 00:00:41.146000,0 days 00:00:23.211000,HARD,5.0,94.739,30.382,41.146,23.211,SAI,2024,Bahrain
41.0,0 days 00:01:35.041000,0 days 00:00:30.638000,0 days 00:00:41.205000,0 days 00:00:23.198000,HARD,6.0,95.041,30.638,41.205,23.198,SAI,2024,Bahrain
42.0,0 days 00:01:34.861000,0 days 00:00:30.448000,0 days 00:00:41.195000,0 days 00:00:23.218000,HARD,7.0,94.861,30.448,41.195,23.218,SAI,2024,Bahrain
43.0,0 days 00:01:34.795000,0 days 00:00:30.387000,0 days 00:00:41.201000,0 days 00:00:23.207000,HARD,8.0,94.795,30.387,41.201,23.207,SAI,2024,Bahrain
44.0,0 days 00:01:34.507000,0 days 00:00:30.350000,0 days 00:00:40.971000,0 days 00:00:23.186000,HARD,9.0,94.507,30.35,40.971,23.186,SAI,2024,Bahrain
45.0,0 days 00:01:34.790000,0 days 00:00:30.398000,0 days 00:00:41.123000,0 days 00:00:23.269000,HARD,10.0,94.79,30.398,41.123,23.269,SAI,2024,Bahrain
46.0,0 days 00:01:34.853000,0 days 00:00:30.466000,0 days 00:00:41.116000,0 days 00:00:23.271000,HARD,11.0,94.853,30.466,41.116,23.271,SAI,2024,Bahrain
47.0,0 days 00:01:34.901000,0 days 00:00:30.455000,0 days 00:00:41.086000,0 days 00:00:23.360000,HARD,12.0,94.901,30.455,41.086,23.36,SAI,2024,Bahrain
48.0,0 days 00:01:34.981000,0 days 00:00:30.602000,0 days 00:00:41.028000,0 days 00:00:23.351000,HARD,13.0,94.981,30.602,41.028,23.351,SAI,2024,Bahrain
49.0,0 days 00:01:35.440000,0 days 00:00:30.499000,0 days 00:00:41.580000,0 days 00:00:23.361000,HARD,14.0,95.44,30.499,41.58,23.361,SAI,2024,Bahrain
50.0,0 days 00:01:35.142000,0 days 00:00:30.468000,0 days 00:00:41.331000,0 days 00:00:23.343000,HARD,15.0,95.142,30.468,41.331,23.343,SAI,2024,Bahrain
51.0,0 days 00:01:35.282000,0 days 00:00:30.502000,0 days 00:00:41.387000,0 days 00:00:23.393000,HARD,16.0,95.282,30.502,41.387,23.393,SAI,2024,Bahrain
52.0,0 days 00:01:35.083000,0 days 00:00:30.522000,0 days 00:00:41.259000,0 days 00:00:23.302000,HARD,17.0,95.083,30.522,41.259,23.302,SAI,2024,Bahrain
53.0,0 days 00:01:35.211000,0 days 00:00:30.491000,0 days 00:00:41.288000,0 days 00:00:23.432000,HARD,18.0,95.211,30.491,41.288,23.432,SAI,2024,Bahrain
54.0,0 days 00:01:35.309000,0 days 00:00:30.555000,0 days 00:00:41.277000,0 days 00:00:23.477000,HARD,19.0,95.309,30.555,41.277,23.477,SAI,2024,Bahrain
55.0,0 days 00:01:35.407000,0 days 00:00:30.699000,0 days 00:00:41.192000,0 days 00:00:23.516000,HARD,20.0,95.407,30.699,41.192,23.516,SAI,2024,Bahrain
56.0,0 days 00:01:35.305000,0 days 00:00:30.593000,0 days 00:00:41.180000,0 days 00:00:23.532000,HARD,21.0,95.305,30.593,41.18,23.532,SAI,2024,Bahrain
57.0,0 days 00:01:35.327000,0 days 00:00:30.550000,0 days 00:00:41.125000,0 days 00:00:23.652000,HARD,22.0,95.327,30.55,41.125,23.652,SAI,2024,Bahrain
1.0,0 days 00:01:40.053000,,0 days 00:00:42.610000,0 days 00:00:23.856000,SOFT,4.0,100.053,,42.61,23.856,PER,2024,Bahrain
2.0,0 days 00:01:36.541000,0 days 00:00:30.678000,0 days 00:00:41.867000,0 days 00:00:23.996000,SOFT,5.0,96.541,30.678,41.867,23.996,PER,2024,Bahrain
3.0,0 days 00:01:37.297000,0 days 00:00:30.596000,0 days 00:00:42.478000,0 days 00:00:24.223000,SOFT,6.0,97.297,30.596,42.478,24.223,PER,2024,Bahrain
4.0,0 days 00:01:37.722000,0 days 00:00:30.716000,0 days 00:00:42.623000,0 days 00:00:24.383000,SOFT,7.0,97.722,30.716,42.623,24.383,PER,2024,Bahrain
5.0,0 days 00:01:38.044000,0 days 00:00:30.997000,0 days 00:00:42.754000,0 days 00:00:24.293000,SOFT,8.0,98.044,30.997,42.754,24.293,PER,2024,Bahrain
6.0,0 days 00:01:37.823000,0 days 00:00:30.843000,0 days 00:00:42.702000,0 days 00:00:24.278000,SOFT,9.0,97.823,30.843,42.702,24.278,PER,2024,Bahrain
7.0,0 days 00:01:37.821000,0 days 00:00:31.013000,0 days 00:00:42.682000,0 days 00:00:24.126000,SOFT,10.0,97.821,31.013,42.682,24.126,PER,2024,Bahrain
8.0,0 days 00:01:37.838000,0 days 00:00:31.305000,0 days 00:00:42.428000,0 days 00:00:24.105000,SOFT,11.0,97.838,31.305,42.428,24.105,PER,2024,Bahrain
9.0,0 days 00:01:37.596000,0 days 00:00:31.145000,0 days 00:00:42.395000,0 days 00:00:24.056000,SOFT,12.0,97.596,31.145,42.395,24.056,PER,2024,Bahrain
10.0,0 days 00:01:37.630000,0 days 00:00:31.178000,0 days 00:00:42.322000,0 days 00:00:24.130000,SOFT,13.0,97.63,31.178,42.322,24.13,PER,2024,Bahrain
11.0,0 days 00:01:37.836000,0 days 00:00:31.054000,0 days 00:00:42.473000,0 days 00:00:24.309000,SOFT,14.0,97.836,31.054,42.473,24.309,PER,2024,Bahrain
12.0,0 days 00:01:40.277000,0 days 00:00:30.891000,0 days 00:00:42.506000,0 days 00:00:26.880000,SOFT,15.0,100.277,30.891,42.506,26.88,PER,2024,Bahrain
14.0,0 days 00:01:35.606000,0 days 00:00:30.063000,0 days 00:00:41.855000,0 days 00:00:23.688000,HARD,2.0,95.606,30.063,41.855,23.688,PER,2024,Bahrain
15.0,0 days 00:01:36.815000,0 days 00:00:30.785000,0 days 00:00:41.795000,0 days 00:00:24.235000,HARD,3.0,96.815,30.785,41.795,24.235,PER,2024,Bahrain
16.0,0 days 00:01:35.783000,0 days 00:00:30.569000,0 days 00:00:41.558000,0 days 00:00:23.656000,HARD,4.0,95.783,30.569,41.558,23.656,PER,2024,Bahrain
17.0,0 days 00:01:36.454000,0 days 00:00:30.922000,0 days 00:00:41.823000,0 days 00:00:23.709000,HARD,5.0,96.454,30.922,41.823,23.709,PER,2024,Bahrain
18.0,0 days 00:01:36.311000,0 days 00:00:30.803000,0 days 00:00:41.835000,0 days 00:00:23.673000,HARD,6.0,96.311,30.803,41.835,23.673,PER,2024,Bahrain
19.0,0 days 00:01:36.038000,0 days 00:00:30.702000,0 days 00:00:41.633000,0 days 00:00:23.703000,HARD,7.0,96.038,30.702,41.633,23.703,PER,2024,Bahrain
20.0,0 days 00:01:36.278000,0 days 00:00:30.918000,0 days 00:00:41.686000,0 days 00:00:23.674000,HARD,8.0,96.278,30.918,41.686,23.674,PER,2024,Bahrain
21.0,0 days 00:01:36.165000,0 days 00:00:30.849000,0 days 00:00:41.610000,0 days 00:00:23.706000,HARD,9.0,96.165,30.849,41.61,23.706,PER,2024,Bahrain
22.0,0 days 00:01:36.037000,0 days 00:00:30.824000,0 days 00:00:41.536000,0 days 00:00:23.677000,HARD,10.0,96.037,30.824,41.536,23.677,PER,2024,Bahrain
23.0,0 days 00:01:36.249000,0 days 00:00:30.840000,0 days 00:00:41.729000,0 days 00:00:23.680000,HARD,11.0,96.249,30.84,41.729,23.68,PER,2024,Bahrain
24.0,0 days 00:01:36.211000,0 days 00:00:30.792000,0 days 00:00:41.687000,0 days 00:00:23.732000,HARD,12.0,96.211,30.792,41.687,23.732,PER,2024,Bahrain
25.0,0 days 00:01:36.344000,0 days 00:00:30.878000,0 days 00:00:41.719000,0 days 00:00:23.747000,HARD,13.0,96.344,30.878,41.719,23.747,PER,2024,Bahrain
26.0,0 days 00:01:36.347000,0 days 00:00:30.938000,0 days 00:00:41.666000,0 days 00:00:23.743000,HARD,14.0,96.347,30.938,41.666,23.743,PER,2024,Bahrain
27.0,0 days 00:01:36.233000,0 days 00:00:30.853000,0 days 00:00:41.543000,0 days 00:00:23.837000,HARD,15.0,96.233,30.853,41.543,23.837,PER,2024,Bahrain
28.0,0 days 00:01:36.226000,0 days 00:00:30.929000,0 days 00:00:41.588000,0 days 00:00:23.709000,HARD,16.0,96.226,30.929,41.588,23.709,PER,2024,Bahrain
29.0,0 days 00:01:36.437000,0 days 00:00:30.926000,0 days 00:00:41.749000,0 days 00:00:23.762000,HARD,17.0,96.437,30.926,41.749,23.762,PER,2024,Bahrain
30.0,0 days 00:01:36.313000,0 days 00:00:30.916000,0 days 00:00:41.643000,0 days 00:00:23.754000,HARD,18.0,96.313,30.916,41.643,23.754,PER,2024,Bahrain
31.0,0 days 00:01:36.339000,0 days 00:00:30.843000,0 days 00:00:41.752000,0 days 00:00:23.744000,HARD,19.0,96.339,30.843,41.752,23.744,PER,2024,Bahrain
32.0,0 days 00:01:36.276000,0 days 00:00:30.856000,0 days 00:00:41.671000,0 days 00:00:23.749000,HARD,20.0,96.276,30.856,41.671,23.749,PER,2024,Bahrain
33.0,0 days 00:01:36.564000,0 days 00:00:30.907000,0 days 00:00:41.752000,0 days 00:00:23.905000,HARD,21.0,96.564,30.907,41.752,23.905,PER,2024,Bahrain
34.0,0 days 00:01:36.378000,0 days 00:00:30.840000,0 days 00:00:41.734000,0 days 00:00:23.804000,HARD,22.0,96.378,30.84,41.734,23.804,PER,2024,Bahrain
35.0,0 days 00:01:36.776000,0 days 00:00:30.938000,0 days 00:00:41.910000,0 days 00:00:23.928000,HARD,23.0,96.776,30.938,41.91,23.928,PER,2024,Bahrain
36.0,0 days 00:01:39.365000,0 days 00:00:31.014000,0 days 00:00:41.781000,0 days 00:00:26.570000,HARD,24.0,99.365,31.014,41.781,26.57,PER,2024,Bahrain
38.0,0 days 00:01:34.804000,0 days 00:00:30.581000,0 days 00:00:40.931000,0 days 00:00:23.292000,SOFT,2.0,94.804,30.581,40.931,23.292,PER,2024,Bahrain
39.0,0 days 00:01:34.607000,0 days 00:00:30.563000,0 days 00:00:40.893000,0 days 00:00:23.151000,SOFT,3.0,94.607,30.563,40.893,23.151,PER,2024,Bahrain
40.0,0 days 00:01:34.364000,0 days 00:00:30.400000,0 days 00:00:40.772000,0 days 00:00:23.192000,SOFT,4.0,94.364,30.4,40.772,23.192,PER,2024,Bahrain
41.0,0 days 00:01:34.400000,0 days 00:00:30.351000,0 days 00:00:40.884000,0 days 00:00:23.165000,SOFT,5.0,94.4,30.351,40.884,23.165,PER,2024,Bahrain
42.0,0 days 00:01:34.525000,0 days 00:00:30.299000,0 days 00:00:40.985000,0 days 00:00:23.241000,SOFT,6.0,94.525,30.299,40.985,23.241,PER,2024,Bahrain
43.0,0 days 00:01:34.797000,0 days 00:00:30.403000,0 days 00:00:41.148000,0 days 00:00:23.246000,SOFT,7.0,94.797,30.403,41.148,23.246,PER,2024,Bahrain
44.0,0 days 00:01:34.799000,0 days 00:00:30.389000,0 days 00:00:41.028000,0 days 00:00:23.382000,SOFT,8.0,94.799,30.389,41.028,23.382,PER,2024,Bahrain
45.0,0 days 00:01:34.592000,0 days 00:00:30.338000,0 days 00:00:40.986000,0 days 00:00:23.268000,SOFT,9.0,94.592,30.338,40.986,23.268,PER,2024,Bahrain
46.0,0 days 00:01:34.844000,0 days 00:00:30.410000,0 days 00:00:41.109000,0 days 00:00:23.325000,SOFT,10.0,94.844,30.41,41.109,23.325,PER,2024,Bahrain
47.0,0 days 00:01:34.730000,0 days 00:00:30.281000,0 days 00:00:41.074000,0 days 00:00:23.375000,SOFT,11.0,94.73,30.281,41.074,23.375,PER,2024,Bahrain
48.0,0 days 00:01:34.885000,0 days 00:00:30.358000,0 days 00:00:41.147000,0 days 00:00:23.380000,SOFT,12.0,94.885,30.358,41.147,23.38,PER,2024,Bahrain
49.0,0 days 00:01:34.966000,0 days 00:00:30.400000,0 days 00:00:41.133000,0 days 00:00:23.433000,SOFT,13.0,94.966,30.4,41.133,23.433,PER,2024,Bahrain
50.0,0 days 00:01:35.082000,0 days 00:00:30.366000,0 days 00:00:41.337000,0 days 00:00:23.379000,SOFT,14.0,95.082,30.366,41.337,23.379,PER,2024,Bahrain
51.0,0 days 00:01:34.940000,0 days 00:00:30.360000,0 days 00:00:41.144000,0 days 00:00:23.436000,SOFT,15.0,94.94,30.36,41.144,23.436,PER,2024,Bahrain
52.0,0 days 00:01:35.183000,0 days 00:00:30.577000,0 days 00:00:41.129000,0 days 00:00:23.477000,SOFT,16.0,95.183,30.577,41.129,23.477,PER,2024,Bahrain
53.0,0 days 00:01:35.842000,0 days 00:00:30.638000,0 days 00:00:41.522000,0 days 00:00:23.682000,SOFT,17.0,95.842,30.638,41.522,23.682,PER,2024,Bahrain
54.0,0 days 00:01:35.459000,0 days 00:00:30.578000,0 days 00:00:41.382000,0 days 00:00:23.499000,SOFT,18.0,95.459,30.578,41.382,23.499,PER,2024,Bahrain
55.0,0 days 00:01:35.611000,0 days 00:00:30.683000,0 days 00:00:41.420000,0 days 00:00:23.508000,SOFT,19.0,95.611,30.683,41.42,23.508,PER,2024,Bahrain
56.0,0 days 00:01:35.568000,0 days 00:00:30.539000,0 days 00:00:41.406000,0 days 00:00:23.623000,SOFT,20.0,95.568,30.539,41.406,23.623,PER,2024,Bahrain
57.0,0 days 00:01:35.746000,0 days 00:00:30.521000,0 days 00:00:41.600000,0 days 00:00:23.625000,SOFT,21.0,95.746,30.521,41.6,23.625,PER,2024,Bahrain
1.0,0 days 00:01:39.228000,,0 days 00:00:42.099000,0 days 00:00:23.694000,SOFT,4.0,99.228,,42.099,23.694,RUS,2024,Bahrain
2.0,0 days 00:01:36.635000,0 days 00:00:30.829000,0 days 00:00:42.038000,0 days 00:00:23.768000,SOFT,5.0,96.635,30.829,42.038,23.768,RUS,2024,Bahrain
3.0,0 days 00:01:36.406000,0 days 00:00:30.367000,0 days 00:00:42.202000,0 days 00:00:23.837000,SOFT,6.0,96.406,30.367,42.202,23.837,RUS,2024,Bahrain
4.0,0 days 00:01:37.738000,0 days 00:00:31.135000,0 days 00:00:42.609000,0 days 00:00:23.994000,SOFT,7.0,97.738,31.135,42.609,23.994,RUS,2024,Bahrain
5.0,0 days 00:01:38.116000,0 days 00:00:31.636000,0 days 00:00:42.573000,0 days 00:00:23.907000,SOFT,8.0,98.116,31.636,42.573,23.907,RUS,2024,Bahrain
6.0,0 days 00:01:37.784000,0 days 00:00:31.360000,0 days 00:00:42.508000,0 days 00:00:23.916000,SOFT,9.0,97.784,31.36,42.508,23.916,RUS,2024,Bahrain
7.0,0 days 00:01:38.082000,0 days 00:00:31.480000,0 days 00:00:42.577000,0 days 00:00:24.025000,SOFT,10.0,98.082,31.48,42.577,24.025,RUS,2024,Bahrain
8.0,0 days 00:01:37.862000,0 days 00:00:31.238000,0 days 00:00:42.646000,0 days 00:00:23.978000,SOFT,11.0,97.862,31.238,42.646,23.978,RUS,2024,Bahrain
9.0,0 days 00:01:37.730000,0 days 00:00:31.120000,0 days 00:00:42.578000,0 days 00:00:24.032000,SOFT,12.0,97.73,31.12,42.578,24.032,RUS,2024,Bahrain
10.0,0 days 00:01:37.782000,0 days 00:00:31.247000,0 days 00:00:42.538000,0 days 00:00:23.997000,SOFT,13.0,97.782,31.247,42.538,23.997,RUS,2024,Bahrain
11.0,0 days 00:01:40.515000,0 days 00:00:31.392000,0 days 00:00:42.646000,0 days 00:00:26.477000,SOFT,14.0,100.515,31.392,42.646,26.477,RUS,2024,Bahrain
13.0,0 days 00:01:37.167000,0 days 00:00:30.759000,0 days 00:00:42.479000,0 days 00:00:23.929000,HARD,2.0,97.167,30.759,42.479,23.929,RUS,2024,Bahrain
14.0,0 days 00:01:37.571000,0 days 00:00:30.851000,0 days 00:00:42.740000,0 days 00:00:23.980000,HARD,3.0,97.571,30.851,42.74,23.98,RUS,2024,Bahrain
15.0,0 days 00:01:36.922000,0 days 00:00:31.038000,0 days 00:00:42.152000,0 days 00:00:23.732000,HARD,4.0,96.922,31.038,42.152,23.732,RUS,2024,Bahrain
16.0,0 days 00:01:36.683000,0 days 00:00:31.030000,0 days 00:00:42.084000,0 days 00:00:23.569000,HARD,5.0,96.683,31.03,42.084,23.569,RUS,2024,Bahrain
17.0,0 days 00:01:36.234000,0 days 00:00:30.747000,0 days 00:00:41.766000,0 days 00:00:23.721000,HARD,6.0,96.234,30.747,41.766,23.721,RUS,2024,Bahrain
18.0,0 days 00:01:37.819000,0 days 00:00:31.462000,0 days 00:00:42.532000,0 days 00:00:23.825000,HARD,7.0,97.819,31.462,42.532,23.825,RUS,2024,Bahrain
19.0,0 days 00:01:37.233000,0 days 00:00:31.101000,0 days 00:00:42.267000,0 days 00:00:23.865000,HARD,8.0,97.233,31.101,42.267,23.865,RUS,2024,Bahrain
20.0,0 days 00:01:36.732000,0 days 00:00:30.862000,0 days 00:00:42.099000,0 days 00:00:23.771000,HARD,9.0,96.732,30.862,42.099,23.771,RUS,2024,Bahrain
21.0,0 days 00:01:36.769000,0 days 00:00:30.870000,0 days 00:00:42.180000,0 days 00:00:23.719000,HARD,10.0,96.769,30.87,42.18,23.719,RUS,2024,Bahrain
22.0,0 days 00:01:36.992000,0 days 00:00:30.840000,0 days 00:00:42.313000,0 days 00:00:23.839000,HARD,11.0,96.992,30.84,42.313,23.839,RUS,2024,Bahrain
23.0,0 days 00:01:36.954000,0 days 00:00:31.043000,0 days 00:00:42.088000,0 days 00:00:23.823000,HARD,12.0,96.954,31.043,42.088,23.823,RUS,2024,Bahrain
24.0,0 days 00:01:36.736000,0 days 00:00:30.867000,0 days 00:00:42.107000,0 days 00:00:23.762000,HARD,13.0,96.736,30.867,42.107,23.762,RUS,2024,Bahrain
25.0,0 days 00:01:36.928000,0 days 00:00:30.941000,0 days 00:00:42.199000,0 days 00:00:23.788000,HARD,14.0,96.928,30.941,42.199,23.788,RUS,2024,Bahrain
26.0,0 days 00:01:36.801000,0 days 00:00:30.867000,0 days 00:00:42.161000,0 days 00:00:23.773000,HARD,15.0,96.801,30.867,42.161,23.773,RUS,2024,Bahrain
27.0,0 days 00:01:36.815000,0 days 00:00:30.930000,0 days 00:00:42.115000,0 days 00:00:23.770000,HARD,16.0,96.815,30.93,42.115,23.77,RUS,2024,Bahrain
28.0,0 days 00:01:36.911000,0 days 00:00:30.980000,0 days 00:00:42.149000,0 days 00:00:23.782000,HARD,17.0,96.911,30.98,42.149,23.782,RUS,2024,Bahrain
29.0,0 days 00:01:37.066000,0 days 00:00:30.993000,0 days 00:00:42.224000,0 days 00:00:23.849000,HARD,18.0,97.066,30.993,42.224,23.849,RUS,2024,Bahrain
30.0,0 days 00:01:37.186000,0 days 00:00:31.030000,0 days 00:00:42.221000,0 days 00:00:23.935000,HARD,19.0,97.186,31.03,42.221,23.935,RUS,2024,Bahrain
31.0,0 days 00:01:39.405000,0 days 00:00:31.061000,0 days 00:00:42.153000,0 days 00:00:26.191000,HARD,20.0,99.405,31.061,42.153,26.191,RUS,2024,Bahrain
33.0,0 days 00:01:35.838000,0 days 00:00:30.638000,0 days 00:00:41.572000,0 days 00:00:23.628000,HARD,2.0,95.838,30.638,41.572,23.628,RUS,2024,Bahrain
34.0,0 days 00:01:35.241000,0 days 00:00:30.286000,0 days 00:00:41.651000,0 days 00:00:23.304000,HARD,3.0,95.241,30.286,41.651,23.304,RUS,2024,Bahrain
35.0,0 days 00:01:35.772000,0 days 00:00:30.587000,0 days 00:00:41.817000,0 days 00:00:23.368000,HARD,4.0,95.772,30.587,41.817,23.368,RUS,2024,Bahrain
36.0,0 days 00:01:35.434000,0 days 00:00:30.608000,0 days 00:00:41.494000,0 days 00:00:23.332000,HARD,5.0,95.434,30.608,41.494,23.332,RUS,2024,Bahrain
37.0,0 days 00:01:35.481000,0 days 00:00:30.566000,0 days 00:00:41.586000,0 days 00:00:23.329000,HARD,6.0,95.481,30.566,41.586,23.329,RUS,2024,Bahrain
38.0,0 days 00:01:35.479000,0 days 00:00:30.600000,0 days 00:00:41.469000,0 days 00:00:23.410000,HARD,7.0,95.479,30.6,41.469,23.41,RUS,2024,Bahrain
39.0,0 days 00:01:35.204000,0 days 00:00:30.547000,0 days 00:00:41.329000,0 days 00:00:23.328000,HARD,8.0,95.204,30.547,41.329,23.328,RUS,2024,Bahrain
40.0,0 days 00:01:35.065000,0 days 00:00:30.390000,0 days 00:00:41.347000,0 days 00:00:23.328000,HARD,9.0,95.065,30.39,41.347,23.328,RUS,2024,Bahrain
41.0,0 days 00:01:35.093000,0 days 00:00:30.541000,0 days 00:00:41.250000,0 days 00:00:23.302000,HARD,10.0,95.093,30.541,41.25,23.302,RUS,2024,Bahrain
42.0,0 days 00:01:35.136000,0 days 00:00:30.570000,0 days 00:00:41.196000,0 days 00:00:23.370000,HARD,11.0,95.136,30.57,41.196,23.37,RUS,2024,Bahrain
43.0,0 days 00:01:35.193000,0 days 00:00:30.626000,0 days 00:00:41.237000,0 days 00:00:23.330000,HARD,12.0,95.193,30.626,41.237,23.33,RUS,2024,Bahrain
44.0,0 days 00:01:35.162000,0 days 00:00:30.573000,0 days 00:00:41.252000,0 days 00:00:23.337000,HARD,13.0,95.162,30.573,41.252,23.337,RUS,2024,Bahrain
45.0,0 days 00:01:35.276000,0 days 00:00:30.599000,0 days 00:00:41.328000,0 days 00:00:23.349000,HARD,14.0,95.276,30.599,41.328,23.349,RUS,2024,Bahrain
46.0,0 days 00:01:36.657000,0 days 00:00:30.649000,0 days 00:00:42.244000,0 days 00:00:23.764000,HARD,15.0,96.657,30.649,42.244,23.764,RUS,2024,Bahrain
47.0,0 days 00:01:35.805000,0 days 00:00:30.525000,0 days 00:00:41.724000,0 days 00:00:23.556000,HARD,16.0,95.805,30.525,41.724,23.556,RUS,2024,Bahrain
48.0,0 days 00:01:36.059000,0 days 00:00:30.794000,0 days 00:00:41.795000,0 days 00:00:23.470000,HARD,17.0,96.059,30.794,41.795,23.47,RUS,2024,Bahrain
49.0,0 days 00:01:35.954000,0 days 00:00:30.723000,0 days 00:00:41.727000,0 days 00:00:23.504000,HARD,18.0,95.954,30.723,41.727,23.504,RUS,2024,Bahrain
50.0,0 days 00:01:36.181000,0 days 00:00:30.691000,0 days 00:00:41.930000,0 days 00:00:23.560000,HARD,19.0,96.181,30.691,41.93,23.56,RUS,2024,Bahrain
51.0,0 days 00:01:35.852000,0 days 00:00:30.639000,0 days 00:00:41.734000,0 days 00:00:23.479000,HARD,20.0,95.852,30.639,41.734,23.479,RUS,2024,Bahrain
52.0,0 days 00:01:36.186000,0 days 00:00:30.678000,0 days 00:00:41.927000,0 days 00:00:23.581000,HARD,21.0,96.186,30.678,41.927,23.581,RUS,2024,Bahrain
53.0,0 days 00:01:35.979000,0 days 00:00:30.752000,0 days 00:00:41.740000,0 days 00:00:23.487000,HARD,22.0,95.979,30.752,41.74,23.487,RUS,2024,Bahrain
54.0,0 days 00:01:36.013000,0 days 00:00:30.744000,0 days 00:00:41.687000,0 days 00:00:23.582000,HARD,23.0,96.013,30.744,41.687,23.582,RUS,2024,Bahrain
55.0,0 days 00:01:36.151000,0 days 00:00:30.818000,0 days 00:00:41.709000,0 days 00:00:23.624000,HARD,24.0,96.151,30.818,41.709,23.624,RUS,2024,Bahrain
56.0,0 days 00:01:36.350000,0 days 00:00:30.808000,0 days 00:00:41.885000,0 days 00:00:23.657000,HARD,25.0,96.35,30.808,41.885,23.657,RUS,2024,Bahrain
57.0,0 days 00:01:36.440000,0 days 00:00:30.765000,0 days 00:00:42.018000,0 days 00:00:23.657000,HARD,26.0,96.44,30.765,42.018,23.657,RUS,2024,Bahrain
2.0,0 days 00:01:38.020000,0 days 00:00:31.203000,0 days 00:00:42.896000,0 days 00:00:23.921000,SOFT,5.0,98.02,31.203,42.896,23.921,ALO,2024,Bahrain
3.0,0 days 00:01:39.046000,0 days 00:00:32.068000,0 days 00:00:42.719000,0 days 00:00:24.259000,SOFT,6.0,99.046,32.068,42.719,24.259,ALO,2024,Bahrain
4.0,0 days 00:01:37.776000,0 days 00:00:30.951000,0 days 00:00:42.580000,0 days 00:00:24.245000,SOFT,7.0,97.776,30.951,42.58,24.245,ALO,2024,Bahrain
5.0,0 days 00:01:39.292000,0 days 00:00:32.063000,0 days 00:00:42.806000,0 days 00:00:24.423000,SOFT,8.0,99.292,32.063,42.806,24.423,ALO,2024,Bahrain
6.0,0 days 00:01:38.053000,0 days 00:00:31.076000,0 days 00:00:42.676000,0 days 00:00:24.301000,SOFT,9.0,98.053,31.076,42.676,24.301,ALO,2024,Bahrain
7.0,0 days 00:01:38.008000,0 days 00:00:30.905000,0 days 00:00:42.700000,0 days 00:00:24.403000,SOFT,10.0,98.008,30.905,42.7,24.403,ALO,2024,Bahrain
8.0,0 days 00:01:38.103000,0 days 00:00:31.024000,0 days 00:00:42.689000,0 days 00:00:24.390000,SOFT,11.0,98.103,31.024,42.689,24.39,ALO,2024,Bahrain
9.0,0 days 00:01:38.896000,0 days 00:00:31.464000,0 days 00:00:43.036000,0 days 00:00:24.396000,SOFT,12.0,98.896,31.464,43.036,24.396,ALO,2024,Bahrain
10.0,0 days 00:01:39.325000,0 days 00:00:31.635000,0 days 00:00:43.162000,0 days 00:00:24.528000,SOFT,13.0,99.325,31.635,43.162,24.528,ALO,2024,Bahrain
11.0,0 days 00:01:38.554000,0 days 00:00:31.043000,0 days 00:00:42.972000,0 days 00:00:24.539000,SOFT,14.0,98.554,31.043,42.972,24.539,ALO,2024,Bahrain
12.0,0 days 00:01:38.543000,0 days 00:00:30.932000,0 days 00:00:43.035000,0 days 00:00:24.576000,SOFT,15.0,98.543,30.932,43.035,24.576,ALO,2024,Bahrain
13.0,0 days 00:01:38.587000,0 days 00:00:31.446000,0 days 00:00:42.808000,0 days 00:00:24.333000,SOFT,16.0,98.587,31.446,42.808,24.333,ALO,2024,Bahrain
14.0,0 days 00:01:38.612000,0 days 00:00:31.516000,0 days 00:00:42.741000,0 days 00:00:24.355000,SOFT,17.0,98.612,31.516,42.741,24.355,ALO,2024,Bahrain
17.0,0 days 00:01:36.970000,0 days 00:00:30.546000,0 days 00:00:42.572000,0 days 00:00:23.852000,HARD,2.0,96.97,30.546,42.572,23.852,ALO,2024,Bahrain
18.0,0 days 00:01:37.361000,0 days 00:00:31.136000,0 days 00:00:42.381000,0 days 00:00:23.844000,HARD,3.0,97.361,31.136,42.381,23.844,ALO,2024,Bahrain
19.0,0 days 00:01:37.072000,0 days 00:00:30.967000,0 days 00:00:42.236000,0 days 00:00:23.869000,HARD,4.0,97.072,30.967,42.236,23.869,ALO,2024,Bahrain
20.0,0 days 00:01:37.357000,0 days 00:00:31.080000,0 days 00:00:42.304000,0 days 00:00:23.973000,HARD,5.0,97.357,31.08,42.304,23.973,ALO,2024,Bahrain
21.0,0 days 00:01:37.342000,0 days 00:00:30.978000,0 days 00:00:42.385000,0 days 00:00:23.979000,HARD,6.0,97.342,30.978,42.385,23.979,ALO,2024,Bahrain
22.0,0 days 00:01:37.122000,0 days 00:00:30.882000,0 days 00:00:42.371000,0 days 00:00:23.869000,HARD,7.0,97.122,30.882,42.371,23.869,ALO,2024,Bahrain
23.0,0 days 00:01:37.265000,0 days 00:00:30.946000,0 days 00:00:42.451000,0 days 00:00:23.868000,HARD,8.0,97.265,30.946,42.451,23.868,ALO,2024,Bahrain
24.0,0 days 00:01:37.046000,0 days 00:00:30.836000,0 days 00:00:42.303000,0 days 00:00:23.907000,HARD,9.0,97.046,30.836,42.303,23.907,ALO,2024,Bahrain
25.0,0 days 00:01:37.179000,0 days 00:00:30.925000,0 days 00:00:42.232000,0 days 00:00:24.022000,HARD,10.0,97.179,30.925,42.232,24.022,ALO,2024,Bahrain
26.0,0 days 00:01:37.638000,0 days 00:00:31.295000,0 days 00:00:42.393000,0 days 00:00:23.950000,HARD,11.0,97.638,31.295,42.393,23.95,ALO,2024,Bahrain
27.0,0 days 00:01:36.945000,0 days 00:00:31,0 days 00:00:42.032000,0 days 00:00:23.913000,HARD,12.0,96.945,31.0,42.032,23.913,ALO,2024,Bahrain
28.0,0 days 00:01:37.256000,0 days 00:00:31.091000,0 days 00:00:42.208000,0 days 00:00:23.957000,HARD,13.0,97.256,31.091,42.208,23.957,ALO,2024,Bahrain
29.0,0 days 00:01:37.104000,0 days 00:00:30.948000,0 days 00:00:42.237000,0 days 00:00:23.919000,HARD,14.0,97.104,30.948,42.237,23.919,ALO,2024,Bahrain
30.0,0 days 00:01:36.982000,0 days 00:00:30.976000,0 days 00:00:42.050000,0 days 00:00:23.956000,HARD,15.0,96.982,30.976,42.05,23.956,ALO,2024,Bahrain
31.0,0 days 00:01:36.957000,0 days 00:00:30.866000,0 days 00:00:42.192000,0 days 00:00:23.899000,HARD,16.0,96.957,30.866,42.192,23.899,ALO,2024,Bahrain
32.0,0 days 00:01:37.056000,0 days 00:00:31.023000,0 days 00:00:42,0 days 00:00:24.033000,HARD,17.0,97.056,31.023,42.0,24.033,ALO,2024,Bahrain
33.0,0 days 00:01:37.202000,0 days 00:00:31.106000,0 days 00:00:42.136000,0 days 00:00:23.960000,HARD,18.0,97.202,31.106,42.136,23.96,ALO,2024,Bahrain
34.0,0 days 00:01:37.601000,0 days 00:00:31.211000,0 days 00:00:42.330000,0 days 00:00:24.060000,HARD,19.0,97.601,31.211,42.33,24.06,ALO,2024,Bahrain
35.0,0 days 00:01:37.273000,0 days 00:00:31.078000,0 days 00:00:42.219000,0 days 00:00:23.976000,HARD,20.0,97.273,31.078,42.219,23.976,ALO,2024,Bahrain
36.0,0 days 00:01:38.343000,0 days 00:00:31.245000,0 days 00:00:42.631000,0 days 00:00:24.467000,HARD,21.0,98.343,31.245,42.631,24.467,ALO,2024,Bahrain
37.0,0 days 00:01:36.799000,0 days 00:00:30.500000,0 days 00:00:42.284000,0 days 00:00:24.015000,HARD,22.0,96.799,30.5,42.284,24.015,ALO,2024,Bahrain
38.0,0 days 00:01:37.297000,0 days 00:00:30.952000,0 days 00:00:42.212000,0 days 00:00:24.133000,HARD,23.0,97.297,30.952,42.212,24.133,ALO,2024,Bahrain
39.0,0 days 00:01:37.946000,0 days 00:00:31.253000,0 days 00:00:42.438000,0 days 00:00:24.255000,HARD,24.0,97.946,31.253,42.438,24.255,ALO,2024,Bahrain
40.0,0 days 00:01:38.061000,0 days 00:00:31.525000,0 days 00:00:42.360000,0 days 00:00:24.176000,HARD,25.0,98.061,31.525,42.36,24.176,ALO,2024,Bahrain
41.0,0 days 00:01:40.261000,0 days 00:00:31.046000,0 days 00:00:42.415000,0 days 00:00:26.800000,HARD,26.0,100.261,31.046,42.415,26.8,ALO,2024,Bahrain
43.0,0 days 00:01:35.107000,0 days 00:00:30.517000,0 days 00:00:41.055000,0 days 00:00:23.535000,HARD,2.0,95.107,30.517,41.055,23.535,ALO,2024,Bahrain
44.0,0 days 00:01:34.981000,0 days 00:00:30.334000,0 days 00:00:41.382000,0 days 00:00:23.265000,HARD,3.0,94.981,30.334,41.382,23.265,ALO,2024,Bahrain
45.0,0 days 00:01:34.872000,0 days 00:00:30.536000,0 days 00:00:41.011000,0 days 00:00:23.325000,HARD,4.0,94.872,30.536,41.011,23.325,ALO,2024,Bahrain
46.0,0 days 00:01:35.126000,0 days 00:00:30.468000,0 days 00:00:41.232000,0 days 00:00:23.426000,HARD,5.0,95.126,30.468,41.232,23.426,ALO,2024,Bahrain
47.0,0 days 00:01:35.225000,0 days 00:00:30.596000,0 days 00:00:41.183000,0 days 00:00:23.446000,HARD,6.0,95.225,30.596,41.183,23.446,ALO,2024,Bahrain
48.0,0 days 00:01:34.199000,0 days 00:00:30.046000,0 days 00:00:40.806000,0 days 00:00:23.347000,HARD,7.0,94.199,30.046,40.806,23.347,ALO,2024,Bahrain
49.0,0 days 00:01:34.571000,0 days 00:00:30.400000,0 days 00:00:40.783000,0 days 00:00:23.388000,HARD,8.0,94.571,30.4,40.783,23.388,ALO,2024,Bahrain
50.0,0 days 00:01:34.677000,0 days 00:00:30.453000,0 days 00:00:40.794000,0 days 00:00:23.430000,HARD,9.0,94.677,30.453,40.794,23.43,ALO,2024,Bahrain
51.0,0 days 00:01:34.916000,0 days 00:00:30.543000,0 days 00:00:40.924000,0 days 00:00:23.449000,HARD,10.0,94.916,30.543,40.924,23.449,ALO,2024,Bahrain
52.0,0 days 00:01:34.862000,0 days 00:00:30.447000,0 days 00:00:40.963000,0 days 00:00:23.452000,HARD,11.0,94.862,30.447,40.963,23.452,ALO,2024,Bahrain
53.0,0 days 00:01:35.249000,0 days 00:00:30.498000,0 days 00:00:41.106000,0 days 00:00:23.645000,HARD,12.0,95.249,30.498,41.106,23.645,ALO,2024,Bahrain
54.0,0 days 00:01:35.745000,0 days 00:00:30.701000,0 days 00:00:41.444000,0 days 00:00:23.600000,HARD,13.0,95.745,30.701,41.444,23.6,ALO,2024,Bahrain
55.0,0 days 00:01:35.066000,0 days 00:00:30.478000,0 days 00:00:41.126000,0 days 00:00:23.462000,HARD,14.0,95.066,30.478,41.126,23.462,ALO,2024,Bahrain
56.0,0 days 00:01:35.014000,0 days 00:00:30.405000,0 days 00:00:41.122000,0 days 00:00:23.487000,HARD,15.0,95.014,30.405,41.122,23.487,ALO,2024,Bahrain
57.0,0 days 00:01:35.276000,0 days 00:00:30.590000,0 days 00:00:41.134000,0 days 00:00:23.552000,HARD,16.0,95.276,30.59,41.134,23.552,ALO,2024,Bahrain
2.0,0 days 00:01:19.367000,0 days 00:00:20.954000,0 days 00:00:37.366000,0 days 00:00:21.047000,MEDIUM,2.0,79.367,20.954,37.366,21.047,VER,2023,Monaco
3.0,0 days 00:01:19.074000,0 days 00:00:20.854000,0 days 00:00:37.288000,0 days 00:00:20.932000,MEDIUM,3.0,79.074,20.854,37.288,20.932,VER,2023,Monaco
4.0,0 days 00:01:18.129000,0 days 00:00:20.835000,0 days 00:00:36.637000,0 days 00:00:20.657000,MEDIUM,4.0,78.129,20.835,36.637,20.657,VER,2023,Monaco
5.0,0 days 00:01:18.019000,0 days 00:00:20.745000,0 days 00:00:36.734000,0 days 00:00:20.540000,MEDIUM,5.0,78.019,20.745,36.734,20.54,VER,2023,Monaco
6.0,0 days 00:01:17.640000,0 days 00:00:20.488000,0 days 00:00:36.550000,0 days 00:00:20.602000,MEDIUM,6.0,77.64,20.488,36.55,20.602,VER,2023,Monaco
7.0,0 days 00:01:17.633000,0 days 00:00:20.483000,0 days 00:00:36.479000,0 days 00:00:20.671000,MEDIUM,7.0,77.633,20.483,36.479,20.671,VER,2023,Monaco
8.0,0 days 00:01:17.397000,0 days 00:00:20.432000,0 days 00:00:36.457000,0 days 00:00:20.508000,MEDIUM,8.0,77.397,20.432,36.457,20.508,VER,2023,Monaco
9.0,0 days 00:01:17.031000,0 days 00:00:20.438000,0 days 00:00:36.224000,0 days 00:00:20.369000,MEDIUM,9.0,77.031,20.438,36.224,20.369,VER,2023,Monaco
10.0,0 days 00:01:17.084000,0 days 00:00:20.452000,0 days 00:00:36.232000,0 days 00:00:20.400000,MEDIUM,10.0,77.084,20.452,36.232,20.4,VER,2023,Monaco
11.0,0 days 00:01:16.858000,0 days 00:00:20.311000,0 days 00:00:36.150000,0 days 00:00:20.397000,MEDIUM,11.0,76.858,20.311,36.15,20.397,VER,2023,Monaco
12.0,0 days 00:01:16.993000,0 days 00:00:20.386000,0 days 00:00:36.053000,0 days 00:00:20.554000,MEDIUM,12.0,76.993,20.386,36.053,20.554,VER,2023,Monaco
13.0,0 days 00:01:17.434000,0 days 00:00:20.811000,0 days 00:00:36.267000,0 days 00:00:20.356000,MEDIUM,13.0,77.434,20.811,36.267,20.356,VER,2023,Monaco
14.0,0 days 00:01:17.065000,0 days 00:00:20.338000,0 days 00:00:36.223000,0 days 00:00:20.504000,MEDIUM,14.0,77.065,20.338,36.223,20.504,VER,2023,Monaco
15.0,0 days 00:01:17.079000,0 days 00:00:20.271000,0 days 00:00:36.248000,0 days 00:00:20.560000,MEDIUM,15.0,77.079,20.271,36.248,20.56,VER,2023,Monaco
16.0,0 days 00:01:16.824000,0 days 00:00:20.269000,0 days 00:00:36.135000,0 days 00:00:20.420000,MEDIUM,16.0,76.824,20.269,36.135,20.42,VER,2023,Monaco
17.0,0 days 00:01:16.860000,0 days 00:00:20.186000,0 days 00:00:36.210000,0 days 00:00:20.464000,MEDIUM,17.0,76.86,20.186,36.21,20.464,VER,2023,Monaco
18.0,0 days 00:01:16.712000,0 days 00:00:20.148000,0 days 00:00:36.094000,0 days 00:00:20.470000,MEDIUM,18.0,76.712,20.148,36.094,20.47,VER,2023,Monaco
19.0,0 days 00:01:16.823000,0 days 00:00:20.223000,0 days 00:00:36.163000,0 days 00:00:20.437000,MEDIUM,19.0,76.823,20.223,36.163,20.437,VER,2023,Monaco
20.0,0 days 00:01:17.214000,0 days 00:00:20.207000,0 days 00:00:36.333000,0 days 00:00:20.674000,MEDIUM,20.0,77.214,20.207,36.333,20.674,VER,2023,Monaco
21.0,0 days 00:01:16.803000,0 days 00:00:20.157000,0 days 00:00:36.186000,0 days 00:00:20.460000,MEDIUM,21.0,76.803,20.157,36.186,20.46,VER,2023,Monaco
22.0,0 days 00:01:16.659000,0 days 00:00:20.084000,0 days 00:00:36.154000,0 days 00:00:20.421000,MEDIUM,22.0,76.659,20.084,36.154,20.421,VER,2023,Monaco
23.0,0 days 00:01:16.604000,0 days 00:00:20.208000,0 days 00:00:36.076000,0 days 00:00:20.320000,MEDIUM,23.0,76.604,20.208,36.076,20.32,VER,2023,Monaco
24.0,0 days 00:01:16.798000,0 days 00:00:20.160000,0 days 00:00:36.094000,0 days 00:00:20.544000,MEDIUM,24.0,76.798,20.16,36.094,20.544,VER,2023,Monaco
25.0,0 days 00:01:17.183000,0 days 00:00:20.245000,0 days 00:00:36.397000,0 days 00:00:20.541000,MEDIUM,25.0,77.183,20.245,36.397,20.541,VER,2023,Monaco
26.0,0 days 00:01:17.212000,0 days 00:00:20.318000,0 days 00:00:36.387000,0 days 00:00:20.507000,MEDIUM,26.0,77.212,20.318,36.387,20.507,VER,2023,Monaco
27.0,0 days 00:01:17.259000,0 days 00:00:20.263000,0 days 00:00:36.370000,0 days 00:00:20.626000,MEDIUM,27.0,77.259,20.263,36.37,20.626,VER,2023,Monaco
28.0,0 days 00:01:17.770000,0 days 00:00:20.336000,0 days 00:00:36.715000,0 days 00:00:20.719000,MEDIUM,28.0,77.77,20.336,36.715,20.719,VER,2023,Monaco
29.0,0 days 00:01:18.001000,0 days 00:00:20.358000,0 days 00:00:36.723000,0 days 00:00:20.920000,MEDIUM,29.0,78.001,20.358,36.723,20.92,VER,2023,Monaco
30.0,0 days 00:01:18.160000,0 days 00:00:20.292000,0 days 00:00:36.888000,0 days 00:00:20.980000,MEDIUM,30.0,78.16,20.292,36.888,20.98,VER,2023,Monaco
31.0,0 days 00:01:18.741000,0 days 00:00:20.522000,0 days 00:00:37.201000,0 days 00:00:21.018000,MEDIUM,31.0,78.741,20.522,37.201,21.018,VER,2023,Monaco
32.0,0 days 00:01:18.816000,0 days 00:00:20.514000,0 days 00:00:37.616000,0 days 00:00:20.686000,MEDIUM,32.0,78.816,20.514,37.616,20.686,VER,2023,Monaco
33.0,0 days 00:01:18.946000,0 days 00:00:20.388000,0 days 00:00:37.184000,0 days 00:00:21.374000,MEDIUM,33.0,78.946,20.388,37.184,21.374,VER,2023,Monaco
34.0,0 days 00:01:18.044000,0 days 00:00:20.330000,0 days 00:00:36.922000,0 days 00:00:20.792000,MEDIUM,34.0,78.044,20.33,36.922,20.792,VER,2023,Monaco
35.0,0 days 00:01:18.024000,0 days 00:00:20.355000,0 days 00:00:36.913000,0 days 00:00:20.756000,MEDIUM,35.0,78.024,20.355,36.913,20.756,VER,2023,Monaco
36.0,0 days 00:01:17.974000,0 days 00:00:20.616000,0 days 00:00:36.766000,0 days 00:00:20.592000,MEDIUM,36.0,77.974,20.616,36.766,20.592,VER,2023,Monaco
37.0,0 days 00:01:17.273000,0 days 00:00:20.145000,0 days 00:00:36.631000,0 days 00:00:20.497000,MEDIUM,37.0,77.273,20.145,36.631,20.497,VER,2023,Monaco
38.0,0 days 00:01:17.122000,0 days 00:00:20.055000,0 days 00:00:36.492000,0 days 00:00:20.575000,MEDIUM,38.0,77.122,20.055,36.492,20.575,VER,2023,Monaco
39.0,0 days 00:01:16.966000,0 days 00:00:20.026000,0 days 00:00:36.407000,0 days 00:00:20.533000,MEDIUM,39.0,76.966,20.026,36.407,20.533,VER,2023,Monaco
40.0,0 days 00:01:17.161000,0 days 00:00:20.110000,0 days 00:00:36.515000,0 days 00:00:20.536000,MEDIUM,40.0,77.161,20.11,36.515,20.536,VER,2023,Monaco
41.0,0 days 00:01:16.944000,0 days 00:00:20.092000,0 days 00:00:36.394000,0 days 00:00:20.458000,MEDIUM,41.0,76.944,20.092,36.394,20.458,VER,2023,Monaco
42.0,0 days 00:01:16.800000,0 days 00:00:19.937000,0 days 00:00:36.446000,0 days 00:00:20.417000,MEDIUM,42.0,76.8,19.937,36.446,20.417,VER,2023,Monaco
43.0,0 days 00:01:16.963000,0 days 00:00:19.979000,0 days 00:00:36.577000,0 days 00:00:20.407000,MEDIUM,43.0,76.963,19.979,36.577,20.407,VER,2023,Monaco
44.0,0 days 00:01:16.722000,0 days 00:00:19.943000,0 days 00:00:36.347000,0 days 00:00:20.432000,MEDIUM,44.0,76.722,19.943,36.347,20.432,VER,2023,Monaco
45.0,0 days 00:01:16.701000,0 days 00:00:19.913000,0 days 00:00:36.379000,0 days 00:00:20.409000,MEDIUM,45.0,76.701,19.913,36.379,20.409,VER,2023,Monaco
46.0,0 days 00:01:17.075000,0 days 00:00:19.990000,0 days 00:00:36.632000,0 days 00:00:20.453000,MEDIUM,46.0,77.075,19.99,36.632,20.453,VER,2023,Monaco
47.0,0 days 00:01:17.160000,0 days 00:00:20.018000,0 days 00:00:36.619000,0 days 00:00:20.523000,MEDIUM,47.0,77.16,20.018,36.619,20.523,VER,2023,Monaco
48.0,0 days 00:01:17.065000,0 days 00:00:19.972000,0 days 00:00:36.606000,0 days 00:00:20.487000,MEDIUM,48.0,77.065,19.972,36.606,20.487,VER,2023,Monaco
49.0,0 days 00:01:17.428000,0 days 00:00:20.073000,0 days 00:00:36.700000,0 days 00:00:20.655000,MEDIUM,49.0,77.428,20.073,36.7,20.655,VER,2023,Monaco
50.0,0 days 00:01:17.314000,0 days 00:00:20.095000,0 days 00:00:36.655000,0 days 00:00:20.564000,MEDIUM,50.0,77.314,20.095,36.655,20.564,VER,2023,Monaco
51.0,0 days 00:01:17.427000,0 days 00:00:20.073000,0 days 00:00:36.836000,0 days 00:00:20.518000,MEDIUM,51.0,77.427,20.073,36.836,20.518,VER,2023,Monaco
2.0,0 days 00:01:20.549000,0 days 00:00:21.352000,0 days 00:00:37.692000,0 days 00:00:21.505000,HARD,2.0,80.549,21.352,37.692,21.505,LEC,2023,Monaco
3.0,0 days 00:01:20.021000,0 days 00:00:21.051000,0 days 00:00:37.547000,0 days 00:00:21.423000,HARD,3.0,80.021,21.051,37.547,21.423,LEC,2023,Monaco
4.0,0 days 00:01:19.468000,0 days 00:00:21.023000,0 days 00:00:37.375000,0 days 00:00:21.070000,HARD,4.0,79.468,21.023,37.375,21.07,LEC,2023,Monaco
5.0,0 days 00:01:18.837000,0 days 00:00:20.803000,0 days 00:00:37.198000,0 days 00:00:20.836000,HARD,5.0,78.837,20.803,37.198,20.836,LEC,2023,Monaco
6.0,0 days 00:01:18.829000,0 days 00:00:20.697000,0 days 00:00:37.190000,0 days 00:00:20.942000,HARD,6.0,78.829,20.697,37.19,20.942,LEC,2023,Monaco
7.0,0 days 00:01:18.645000,0 days 00:00:20.790000,0 days 00:00:36.760000,0 days 00:00:21.095000,HARD,7.0,78.645,20.79,36.76,21.095,LEC,2023,Monaco
8.0,0 days 00:01:19.165000,0 days 00:00:20.826000,0 days 00:00:37.057000,0 days 00:00:21.282000,HARD,8.0,79.165,20.826,37.057,21.282,LEC,2023,Monaco
9.0,0 days 00:01:18.809000,0 days 00:00:20.864000,0 days 00:00:37.097000,0 days 00:00:20.848000,HARD,9.0,78.809,20.864,37.097,20.848,LEC,2023,Monaco
10.0,0 days 00:01:18.219000,0 days 00:00:20.645000,0 days 00:00:36.610000,0 days 00:00:20.964000,HARD,10.0,78.219,20.645,36.61,20.964,LEC,2023,Monaco
11.0,0 days 00:01:18.162000,0 days 00:00:20.648000,0 days 00:00:36.793000,0 days 00:00:20.721000,HARD,11.0,78.162,20.648,36.793,20.721,LEC,2023,Monaco
12.0,0 days 00:01:18.150000,0 days 00:00:20.704000,0 days 00:00:36.657000,0 days 00:00:20.789000,HARD,12.0,78.15,20.704,36.657,20.789,LEC,2023,Monaco
13.0,0 days 00:01:18.018000,0 days 00:00:20.509000,0 days 00:00:36.724000,0 days 00:00:20.785000,HARD,13.0,78.018,20.509,36.724,20.785,LEC,2023,Monaco
14.0,0 days 00:01:18.394000,0 days 00:00:20.523000,0 days 00:00:36.988000,0 days 00:00:20.883000,HARD,14.0,78.394,20.523,36.988,20.883,LEC,2023,Monaco
15.0,0 days 00:01:18.312000,0 days 00:00:20.414000,0 days 00:00:36.991000,0 days 00:00:20.907000,HARD,15.0,78.312,20.414,36.991,20.907,LEC,2023,Monaco
16.0,0 days 00:01:18.316000,0 days 00:00:20.527000,0 days 00:00:37,0 days 00:00:20.789000,HARD,16.0,78.316,20.527,37.0,20.789,LEC,2023,Monaco
17.0,0 days 00:01:18.234000,0 days 00:00:20.379000,0 days 00:00:36.936000,0 days 00:00:20.919000,HARD,17.0,78.234,20.379,36.936,20.919,LEC,2023,Monaco
18.0,0 days 00:01:18.361000,0 days 00:00:20.446000,0 days 00:00:37.090000,0 days 00:00:20.825000,HARD,18.0,78.361,20.446,37.09,20.825,LEC,2023,Monaco
19.0,0 days 00:01:18.190000,0 days 00:00:20.465000,0 days 00:00:36.953000,0 days 00:00:20.772000,HARD,19.0,78.19,20.465,36.953,20.772,LEC,2023,Monaco
20.0,0 days 00:01:18.365000,0 days 00:00:20.385000,0 days 00:00:37.097000,0 days 00:00:20.883000,HARD,20.0,78.365,20.385,37.097,20.883,LEC,2023,Monaco
21.0,0 days 00:01:18.127000,0 days 00:00:20.279000,0 days 00:00:36.815000,0 days 00:00:21.033000,HARD,21.0,78.127,20.279,36.815,21.033,LEC,2023,Monaco
22.0,0 days 00:01:17.886000,0 days 00:00:20.386000,0 days 00:00:36.791000,0 days 00:00:20.709000,HARD,22.0,77.886,20.386,36.791,20.709,LEC,2023,Monaco
23.0,0 days 00:01:17.922000,0 days 00:00:20.291000,0 days 00:00:36.848000,0 days 00:00:20.783000,HARD,23.0,77.922,20.291,36.848,20.783,LEC,2023,Monaco
24.0,0 days 00:01:17.586000,0 days 00:00:20.220000,0 days 00:00:36.631000,0 days 00:00:20.735000,HARD,24.0,77.586,20.22,36.631,20.735,LEC,2023,Monaco
25.0,0 days 00:01:17.619000,0 days 00:00:20.203000,0 days 00:00:36.650000,0 days 00:00:20.766000,HARD,25.0,77.619,20.203,36.65,20.766,LEC,2023,Monaco
26.0,0 days 00:01:17.879000,0 days 00:00:20.255000,0 days 00:00:36.647000,0 days 00:00:20.977000,HARD,26.0,77.879,20.255,36.647,20.977,LEC,2023,Monaco
27.0,0 days 00:01:17.602000,0 days 00:00:20.250000,0 days 00:00:36.616000,0 days 00:00:20.736000,HARD,27.0,77.602,20.25,36.616,20.736,LEC,2023,Monaco
28.0,0 days 00:01:17.480000,0 days 00:00:20.110000,0 days 00:00:36.671000,0 days 00:00:20.699000,HARD,28.0,77.48,20.11,36.671,20.699,LEC,2023,Monaco
29.0,0 days 00:01:17.065000,0 days 00:00:20.112000,0 days 00:00:36.372000,0 days 00:00:20.581000,HARD,29.0,77.065,20.112,36.372,20.581,LEC,2023,Monaco
30.0,0 days 00:01:17.559000,0 days 00:00:20.209000,0 days 00:00:36.701000,0 days 00:00:20.649000,HARD,30.0,77.559,20.209,36.701,20.649,LEC,2023,Monaco
31.0,0 days 00:01:17.876000,0 days 00:00:20.191000,0 days 00:00:36.768000,0 days 00:00:20.917000,HARD,31.0,77.876,20.191,36.768,20.917,LEC,2023,Monaco
32.0,0 days 00:01:17.282000,0 days 00:00:20.010000,0 days 00:00:36.608000,0 days 00:00:20.664000,HARD,32.0,77.282,20.01,36.608,20.664,LEC,2023,Monaco
33.0,0 days 00:01:17.163000,0 days 00:00:20.029000,0 days 00:00:36.436000,0 days 00:00:20.698000,HARD,33.0,77.163,20.029,36.436,20.698,LEC,2023,Monaco
34.0,0 days 00:01:17.461000,0 days 00:00:20.144000,0 days 00:00:36.637000,0 days 00:00:20.680000,HARD,34.0,77.461,20.144,36.637,20.68,LEC,2023,Monaco
35.0,0 days 00:01:17.467000,0 days 00:00:20.164000,0 days 00:00:36.632000,0 days 00:00:20.671000,HARD,35.0,77.467,20.164,36.632,20.671,LEC,2023,Monaco
36.0,0 days 00:01:17.491000,0 days 00:00:20.148000,0 days 00:00:36.768000,0 days 00:00:20.575000,HARD,36.0,77.491,20.148,36.768,20.575,LEC,2023,Monaco
37.0,0 days 00:01:17.361000,0 days 00:00:20.098000,0 days 00:00:36.616000,0 days 00:00:20.647000,HARD,37.0,77.361,20.098,36.616,20.647,LEC,2023,Monaco
38.0,0 days 00:01:17.483000,0 days 00:00:20.139000,0 days 00:00:36.694000,0 days 00:00:20.650000,HARD,38.0,77.483,20.139,36.694,20.65,LEC,2023,Monaco
39.0,0 days 00:01:17.213000,0 days 00:00:19.959000,0 days 00:00:36.609000,0 days 00:00:20.645000,HARD,39.0,77.213,19.959,36.609,20.645,LEC,2023,Monaco
40.0,0 days 00:01:17.237000,0 days 00:00:20.014000,0 days 00:00:36.580000,0 days 00:00:20.643000,HARD,40.0,77.237,20.014,36.58,20.643,LEC,2023,Monaco
41.0,0 days 00:01:18.328000,0 days 00:00:20.091000,0 days 00:00:37.450000,0 days 00:00:20.787000,HARD,41.0,78.328,20.091,37.45,20.787,LEC,2023,Monaco
42.0,0 days 00:01:17.801000,0 days 00:00:20.132000,0 days 00:00:36.958000,0 days 00:00:20.711000,HARD,42.0,77.801,20.132,36.958,20.711,LEC,2023,Monaco
43.0,0 days 00:01:18.451000,0 days 00:00:20.364000,0 days 00:00:37.083000,0 days 00:00:21.004000,HARD,43.0,78.451,20.364,37.083,21.004,LEC,2023,Monaco
45.0,0 days 00:01:19.563000,0 days 00:00:23.019000,0 days 00:00:36.229000,0 days 00:00:20.315000,MEDIUM,1.0,79.563,23.019,36.229,20.315,LEC,2023,Monaco
46.0,0 days 00:01:15.773000,0 days 00:00:19.996000,0 days 00:00:35.718000,0 days 00:00:20.059000,MEDIUM,2.0,75.773,19.996,35.718,20.059,LEC,2023,Monaco
47.0,0 days 00:01:16.358000,0 days 00:00:19.764000,0 days 00:00:36.023000,0 days 00:00:20.571000,MEDIUM,3.0,76.358,19.764,36.023,20.571,LEC,2023,Monaco
48.0,0 days 00:01:16.971000,0 days 00:00:20.258000,0 days 00:00:36.215000,0 days 00:00:20.498000,MEDIUM,4.0,76.971,20.258,36.215,20.498,LEC,2023,Monaco
49.0,0 days 00:01:16.283000,0 days 00:00:19.849000,0 days 00:00:36.039000,0 days 00:00:20.395000,MEDIUM,5.0,76.283,19.849,36.039,20.395,LEC,2023,Monaco
50.0,0 days 00:01:15.956000,0 days 00:00:19.730000,0 days 00:00:35.934000,0 days 00:00:20.292000,MEDIUM,6.0,75.956,19.73,35.934,20.292,LEC,2023,Monaco
51.0,0 days 00:01:17.017000,0 days 00:00:19.743000,0 days 00:00:36.789000,0 days 00:00:20.485000,MEDIUM,7.0,77.017,19.743,36.789,20.485,LEC,2023,Monaco
2.0,0 days 00:01:20.527000,0 days 00:00:21.226000,0 days 00:00:37.769000,0 days 00:00:21.532000,MEDIUM,2.0,80.527,21.226,37.769,21.532,HAM,2023,Monaco
3.0,0 days 00:01:20.105000,0 days 00:00:21.081000,0 days 00:00:37.472000,0 days 00:00:21.552000,MEDIUM,3.0,80.105,21.081,37.472,21.552,HAM,2023,Monaco
4.0,0 days 00:01:19.356000,0 days 00:00:20.805000,0 days 00:00:37.445000,0 days 00:00:21.106000,MEDIUM,4.0,79.356,20.805,37.445,21.106,HAM,2023,Monaco
5.0,0 days 00:01:18.736000,0 days 00:00:20.748000,0 days 00:00:37.010000,0 days 00:00:20.978000,MEDIUM,5.0,78.736,20.748,37.01,20.978,HAM,2023,Monaco
6.0,0 days 00:01:18.958000,0 days 00:00:20.718000,0 days 00:00:37.147000,0 days 00:00:21.093000,MEDIUM,6.0,78.958,20.718,37.147,21.093,HAM,2023,Monaco
7.0,0 days 00:01:18.651000,0 days 00:00:20.621000,0 days 00:00:36.947000,0 days 00:00:21.083000,MEDIUM,7.0,78.651,20.621,36.947,21.083,HAM,2023,Monaco
8.0,0 days 00:01:19.051000,0 days 00:00:20.762000,0 days 00:00:37.135000,0 days 00:00:21.154000,MEDIUM,8.0,79.051,20.762,37.135,21.154,HAM,2023,Monaco
9.0,0 days 00:01:18.829000,0 days 00:00:20.649000,0 days 00:00:37.275000,0 days 00:00:20.905000,MEDIUM,9.0,78.829,20.649,37.275,20.905,HAM,2023,Monaco
10.0,0 days 00:01:18.173000,0 days 00:00:20.355000,0 days 00:00:36.980000,0 days 00:00:20.838000,MEDIUM,10.0,78.173,20.355,36.98,20.838,HAM,2023,Monaco
11.0,0 days 00:01:17.926000,0 days 00:00:20.499000,0 days 00:00:36.779000,0 days 00:00:20.648000,MEDIUM,11.0,77.926,20.499,36.779,20.648,HAM,2023,Monaco
12.0,0 days 00:01:18.230000,0 days 00:00:20.749000,0 days 00:00:36.791000,0 days 00:00:20.690000,MEDIUM,12.0,78.23,20.749,36.791,20.69,HAM,2023,Monaco
13.0,0 days 00:01:18.084000,0 days 00:00:20.569000,0 days 00:00:36.751000,0 days 00:00:20.764000,MEDIUM,13.0,78.084,20.569,36.751,20.764,HAM,2023,Monaco
14.0,0 days 00:01:18.422000,0 days 00:00:20.580000,0 days 00:00:37.099000,0 days 00:00:20.743000,MEDIUM,14.0,78.422,20.58,37.099,20.743,HAM,2023,Monaco
15.0,0 days 00:01:18.189000,0 days 00:00:20.612000,0 days 00:00:36.762000,0 days 00:00:20.815000,MEDIUM,15.0,78.189,20.612,36.762,20.815,HAM,2023,Monaco
16.0,0 days 00:01:18.310000,0 days 00:00:20.835000,0 days 00:00:36.730000,0 days 00:00:20.745000,MEDIUM,16.0,78.31,20.835,36.73,20.745,HAM,2023,Monaco
17.0,0 days 00:01:18.254000,0 days 00:00:20.509000,0 days 00:00:36.917000,0 days 00:00:20.828000,MEDIUM,17.0,78.254,20.509,36.917,20.828,HAM,2023,Monaco
18.0,0 days 00:01:18.370000,0 days 00:00:20.607000,0 days 00:00:36.930000,0 days 00:00:20.833000,MEDIUM,18.0,78.37,20.607,36.93,20.833,HAM,2023,Monaco
19.0,0 days 00:01:18.207000,0 days 00:00:20.567000,0 days 00:00:36.841000,0 days 00:00:20.799000,MEDIUM,19.0,78.207,20.567,36.841,20.799,HAM,2023,Monaco
20.0,0 days 00:01:18.121000,0 days 00:00:20.433000,0 days 00:00:36.922000,0 days 00:00:20.766000,MEDIUM,20.0,78.121,20.433,36.922,20.766,HAM,2023,Monaco
21.0,0 days 00:01:18.311000,0 days 00:00:20.457000,0 days 00:00:37.015000,0 days 00:00:20.839000,MEDIUM,21.0,78.311,20.457,37.015,20.839,HAM,2023,Monaco
22.0,0 days 00:01:17.393000,0 days 00:00:20.306000,0 days 00:00:36.545000,0 days 00:00:20.542000,MEDIUM,22.0,77.393,20.306,36.545,20.542,HAM,2023,Monaco
23.0,0 days 00:01:18.053000,0 days 00:00:20.548000,0 days 00:00:36.870000,0 days 00:00:20.635000,MEDIUM,23.0,78.053,20.548,36.87,20.635,HAM,2023,Monaco
24.0,0 days 00:01:17.431000,0 days 00:00:20.274000,0 days 00:00:36.526000,0 days 00:00:20.631000,MEDIUM,24.0,77.431,20.274,36.526,20.631,HAM,2023,Monaco
25.0,0 days 00:01:17.643000,0 days 00:00:20.423000,0 days 00:00:36.682000,0 days 00:00:20.538000,MEDIUM,25.0,77.643,20.423,36.682,20.538,HAM,2023,Monaco
26.0,0 days 00:01:17.716000,0 days 00:00:20.355000,0 days 00:00:36.690000,0 days 00:00:20.671000,MEDIUM,26.0,77.716,20.355,36.69,20.671,HAM,2023,Monaco
27.0,0 days 00:01:17.322000,0 days 00:00:20.194000,0 days 00:00:36.550000,0 days 00:00:20.578000,MEDIUM,27.0,77.322,20.194,36.55,20.578,HAM,2023,Monaco
28.0,0 days 00:01:17.334000,0 days 00:00:20.146000,0 days 00:00:36.632000,0 days 00:00:20.556000,MEDIUM,28.0,77.334,20.146,36.632,20.556,HAM,2023,Monaco
29.0,0 days 00:01:17.372000,0 days 00:00:20.072000,0 days 00:00:36.712000,0 days 00:00:20.588000,MEDIUM,29.0,77.372,20.072,36.712,20.588,HAM,2023,Monaco
30.0,0 days 00:01:17.742000,0 days 00:00:20.187000,0 days 00:00:36.759000,0 days 00:00:20.796000,MEDIUM,30.0,77.742,20.187,36.759,20.796,HAM,2023,Monaco
32.0,0 days 00:01:18.165000,0 days 00:00:22.362000,0 days 00:00:35.711000,0 days 00:00:20.092000,HARD,1.0,78.165,22.362,35.711,20.092,HAM,2023,Monaco
33.0,0 days 00:01:15.650000,0 days 00:00:19.760000,0 days 00:00:35.647000,0 days 00:00:20.243000,HARD,2.0,75.65,19.76,35.647,20.243,HAM,2023,Monaco
34.0,0 days 00:01:18.357000,0 days 00:00:20.425000,0 days 00:00:37.198000,0 days 00:00:20.734000,HARD,3.0,78.357,20.425,37.198,20.734,HAM,2023,Monaco
35.0,0 days 00:01:17.159000,0 days 00:00:20.415000,0 days 00:00:36.085000,0 days 00:00:20.659000,HARD,4.0,77.159,20.415,36.085,20.659,HAM,2023,Monaco
36.0,0 days 00:01:17.688000,0 days 00:00:20.449000,0 days 00:00:36.475000,0 days 00:00:20.764000,HARD,5.0,77.688,20.449,36.475,20.764,HAM,2023,Monaco
37.0,0 days 00:01:17.711000,0 days 00:00:20.364000,0 days 00:00:36.727000,0 days 00:00:20.620000,HARD,6.0,77.711,20.364,36.727,20.62,HAM,2023,Monaco
38.0,0 days 00:01:17.167000,0 days 00:00:20.282000,0 days 00:00:36.239000,0 days 00:00:20.646000,HARD,7.0,77.167,20.282,36.239,20.646,HAM,2023,Monaco
39.0,0 days 00:01:17.293000,0 days 00:00:20.276000,0 days 00:00:36.426000,0 days 00:00:20.591000,HARD,8.0,77.293,20.276,36.426,20.591,HAM,2023,Monaco
40.0,0 days 00:01:16.962000,0 days 00:00:20.057000,0 days 00:00:36.301000,0 days 00:00:20.604000,HARD,9.0,76.962,20.057,36.301,20.604,HAM,2023,Monaco
41.0,0 days 00:01:16.588000,0 days 00:00:20.081000,0 days 00:00:36.125000,0 days 00:00:20.382000,HARD,10.0,76.588,20.081,36.125,20.382,HAM,2023,Monaco
42.0,0 days 00:01:16.580000,0 days 00:00:20.056000,0 days 00:00:36.136000,0 days 00:00:20.388000,HARD,11.0,76.58,20.056,36.136,20.388,HAM,2023,Monaco
43.0,0 days 00:01:16.529000,0 days 00:00:20.005000,0 days 00:00:36.184000,0 days 00:00:20.340000,HARD,12.0,76.529,20.005,36.184,20.34,HAM,2023,Monaco
44.0,0 days 00:01:16.880000,0 days 00:00:20.048000,0 days 00:00:36.302000,0 days 00:00:20.530000,HARD,13.0,76.88,20.048,36.302,20.53,HAM,2023,Monaco
45.0,0 days 00:01:18.833000,0 days 00:00:20.486000,0 days 00:00:37.303000,0 days 00:00:21.044000,HARD,14.0,78.833,20.486,37.303,21.044,HAM,2023,Monaco
46.0,0 days 00:01:16.850000,0 days 00:00:20.225000,0 days 00:00:36.147000,0 days 00:00:20.478000,HARD,15.0,76.85,20.225,36.147,20.478,HAM,2023,Monaco
47.0,0 days 00:01:16.257000,0 days 00:00:19.850000,0 days 00:00:35.974000,0 days 00:00:20.433000,HARD,16.0,76.257,19.85,35.974,20.433,HAM,2023,Monaco
48.0,0 days 00:01:16.860000,0 days 00:00:20.205000,0 days 00:00:36.190000,0 days 00:00:20.465000,HARD,17.0,76.86,20.205,36.19,20.465,HAM,2023,Monaco
49.0,0 days 00:01:16.781000,0 days 00:00:20.131000,0 days 00:00:36.233000,0 days 00:00:20.417000,HARD,18.0,76.781,20.131,36.233,20.417,HAM,2023,Monaco
50.0,0 days 00:01:17.110000,0 days 00:00:20.168000,0 days 00:00:36.443000,0 days 00:00:20.499000,HARD,19.0,77.11,20.168,36.443,20.499,HAM,2023,Monaco
51.0,0 days 00:01:18.294000,0 days 00:00:20.058000,0 days 00:00:36.913000,0 days 00:00:21.323000,HARD,20.0,78.294,20.058,36.913,21.323,HAM,2023,Monaco
2.0,0 days 00:01:21.610000,0 days 00:00:21.769000,0 days 00:00:38.014000,0 days 00:00:21.827000,MEDIUM,2.0,81.61,21.769,38.014,21.827,NOR,2023,Monaco
3.0,0 days 00:01:20.396000,0 days 00:00:21.368000,0 days 00:00:37.710000,0 days 00:00:21.318000,MEDIUM,3.0,80.396,21.368,37.71,21.318,NOR,2023,Monaco
4.0,0 days 00:01:20.209000,0 days 00:00:21.263000,0 days 00:00:37.700000,0 days 00:00:21.246000,MEDIUM,4.0,80.209,21.263,37.7,21.246,NOR,2023,Monaco
5.0,0 days 00:01:19.502000,0 days 00:00:21.144000,0 days 00:00:37.306000,0 days 00:00:21.052000,MEDIUM,5.0,79.502,21.144,37.306,21.052,NOR,2023,Monaco
6.0,0 days 00:01:19.045000,0 days 00:00:21.042000,0 days 00:00:37.149000,0 days 00:00:20.854000,MEDIUM,6.0,79.045,21.042,37.149,20.854,NOR,2023,Monaco
7.0,0 days 00:01:18.652000,0 days 00:00:20.918000,0 days 00:00:36.999000,0 days 00:00:20.735000,MEDIUM,7.0,78.652,20.918,36.999,20.735,NOR,2023,Monaco
8.0,0 days 00:01:18.651000,0 days 00:00:20.925000,0 days 00:00:37.065000,0 days 00:00:20.661000,MEDIUM,8.0,78.651,20.925,37.065,20.661,NOR,2023,Monaco
9.0,0 days 00:01:19.065000,0 days 00:00:20.961000,0 days 00:00:37.254000,0 days 00:00:20.850000,MEDIUM,9.0,79.065,20.961,37.254,20.85,NOR,2023,Monaco
10.0,0 days 00:01:19.053000,0 days 00:00:20.946000,0 days 00:00:37.314000,0 days 00:00:20.793000,MEDIUM,10.0,79.053,20.946,37.314,20.793,NOR,2023,Monaco
11.0,0 days 00:01:19.148000,0 days 00:00:20.862000,0 days 00:00:37.202000,0 days 00:00:21.084000,MEDIUM,11.0,79.148,20.862,37.202,21.084,NOR,2023,Monaco
12.0,0 days 00:01:20.277000,0 days 00:00:22.187000,0 days 00:00:37.224000,0 days 00:00:20.866000,MEDIUM,12.0,80.277,22.187,37.224,20.866,NOR,2023,Monaco
13.0,0 days 00:01:18.978000,0 days 00:00:20.901000,0 days 00:00:37.206000,0 days 00:00:20.871000,MEDIUM,13.0,78.978,20.901,37.206,20.871,NOR,2023,Monaco
14.0,0 days 00:01:18.856000,0 days 00:00:20.859000,0 days 00:00:37.192000,0 days 00:00:20.805000,MEDIUM,14.0,78.856,20.859,37.192,20.805,NOR,2023,Monaco
15.0,0 days 00:01:18.855000,0 days 00:00:20.765000,0 days 00:00:37.186000,0 days 00:00:20.904000,MEDIUM,15.0,78.855,20.765,37.186,20.904,NOR,2023,Monaco
16.0,0 days 00:01:18.988000,0 days 00:00:20.849000,0 days 00:00:37.356000,0 days 00:00:20.783000,MEDIUM,16.0,78.988,20.849,37.356,20.783,NOR,2023,Monaco
17.0,0 days 00:01:18.937000,0 days 00:00:20.744000,0 days 00:00:37.318000,0 days 00:00:20.875000,MEDIUM,17.0,78.937,20.744,37.318,20.875,NOR,2023,Monaco
18.0,0 days 00:01:19.010000,0 days 00:00:20.750000,0 days 00:00:37.284000,0 days 00:00:20.976000,MEDIUM,18.0,79.01,20.75,37.284,20.976,NOR,2023,Monaco
19.0,0 days 00:01:19.504000,0 days 00:00:20.897000,0 days 00:00:37.533000,0 days 00:00:21.074000,MEDIUM,19.0,79.504,20.897,37.533,21.074,NOR,2023,Monaco
20.0,0 days 00:01:18.985000,0 days 00:00:20.884000,0 days 00:00:37.236000,0 days 00:00:20.865000,MEDIUM,20.0,78.985,20.884,37.236,20.865,NOR,2023,Monaco
21.0,0 days 00:01:19.074000,0 days 00:00:20.730000,0 days 00:00:37.323000,0 days 00:00:21.021000,MEDIUM,21.0,79.074,20.73,37.323,21.021,NOR,2023,Monaco
22.0,0 days 00:01:18.882000,0 days 00:00:20.704000,0 days 00:00:37.323000,0 days 00:00:20.855000,MEDIUM,22.0,78.882,20.704,37.323,20.855,NOR,2023,Monaco
23.0,0 days 00:01:18.657000,0 days 00:00:20.603000,0 days 00:00:37.251000,0 days 00:00:20.803000,MEDIUM,23.0,78.657,20.603,37.251,20.803,NOR,2023,Monaco
24.0,0 days 00:01:18.681000,0 days 00:00:20.644000,0 days 00:00:37.223000,0 days 00:00:20.814000,MEDIUM,24.0,78.681,20.644,37.223,20.814,NOR,2023,Monaco
25.0,0 days 00:01:18.780000,0 days 00:00:20.713000,0 days 00:00:37.251000,0 days 00:00:20.816000,MEDIUM,25.0,78.78,20.713,37.251,20.816,NOR,2023,Monaco
26.0,0 days 00:01:19.067000,0 days 00:00:20.858000,0 days 00:00:37.258000,0 days 00:00:20.951000,MEDIUM,26.0,79.067,20.858,37.258,20.951,NOR,2023,Monaco
27.0,0 days 00:01:19.109000,0 days 00:00:20.801000,0 days 00:00:37.326000,0 days 00:00:20.982000,MEDIUM,27.0,79.109,20.801,37.326,20.982,NOR,2023,Monaco
28.0,0 days 00:01:18.771000,0 days 00:00:20.742000,0 days 00:00:37.142000,0 days 00:00:20.887000,MEDIUM,28.0,78.771,20.742,37.142,20.887,NOR,2023,Monaco
29.0,0 days 00:01:18.906000,0 days 00:00:20.608000,0 days 00:00:37.441000,0 days 00:00:20.857000,MEDIUM,29.0,78.906,20.608,37.441,20.857,NOR,2023,Monaco
30.0,0 days 00:01:18.568000,0 days 00:00:20.676000,0 days 00:00:37.087000,0 days 00:00:20.805000,MEDIUM,30.0,78.568,20.676,37.087,20.805,NOR,2023,Monaco
31.0,0 days 00:01:18.454000,0 days 00:00:20.570000,0 days 00:00:37.074000,0 days 00:00:20.810000,MEDIUM,31.0,78.454,20.57,37.074,20.81,NOR,2023,Monaco
32.0,0 days 00:01:17.914000,0 days 00:00:20.448000,0 days 00:00:36.823000,0 days 00:00:20.643000,MEDIUM,32.0,77.914,20.448,36.823,20.643,NOR,2023,Monaco
33.0,0 days 00:01:18.042000,0 days 00:00:20.372000,0 days 00:00:37.050000,0 days 00:00:20.620000,MEDIUM,33.0,78.042,20.372,37.05,20.62,NOR,2023,Monaco
34.0,0 days 00:01:18.026000,0 days 00:00:20.391000,0 days 00:00:36.958000,0 days 00:00:20.677000,MEDIUM,34.0,78.026,20.391,36.958,20.677,NOR,2023,Monaco
35.0,0 days 00:01:18.192000,0 days 00:00:20.403000,0 days 00:00:37.072000,0 days 00:00:20.717000,MEDIUM,35.0,78.192,20.403,37.072,20.717,NOR,2023,Monaco
36.0,0 days 00:01:18.050000,0 days 00:00:20.338000,0 days 00:00:36.928000,0 days 00:00:20.784000,MEDIUM,36.0,78.05,20.338,36.928,20.784,NOR,2023,Monaco
37.0,0 days 00:01:18.303000,0 days 00:00:20.441000,0 days 00:00:37.128000,0 days 00:00:20.734000,MEDIUM,37.0,78.303,20.441,37.128,20.734,NOR,2023,Monaco
38.0,0 days 00:01:18.214000,0 days 00:00:20.480000,0 days 00:00:37.053000,0 days 00:00:20.681000,MEDIUM,38.0,78.214,20.48,37.053,20.681,NOR,2023,Monaco
39.0,0 days 00:01:18.151000,0 days 00:00:20.351000,0 days 00:00:37.036000,0 days 00:00:20.764000,MEDIUM,39.0,78.151,20.351,37.036,20.764,NOR,2023,Monaco
40.0,0 days 00:01:18.529000,0 days 00:00:20.472000,0 days 00:00:37.261000,0 days 00:00:20.796000,MEDIUM,40.0,78.529,20.472,37.261,20.796,NOR,2023,Monaco
41.0,0 days 00:01:18.409000,0 days 00:00:20.399000,0 days 00:00:37.219000,0 days 00:00:20.791000,MEDIUM,41.0,78.409,20.399,37.219,20.791,NOR,2023,Monaco
42.0,0 days 00:01:18.149000,0 days 00:00:20.378000,0 days 00:00:37.095000,0 days 00:00:20.676000,MEDIUM,42.0,78.149,20.378,37.095,20.676,NOR,2023,Monaco
43.0,0 days 00:01:18.045000,0 days 00:00:20.386000,0 days 00:00:37.057000,0 days 00:00:20.602000,MEDIUM,43.0,78.045,20.386,37.057,20.602,NOR,2023,Monaco
44.0,0 days 00:01:17.991000,0 days 00:00:20.258000,0 days 00:00:36.979000,0 days 00:00:20.754000,MEDIUM,44.0,77.991,20.258,36.979,20.754,NOR,2023,Monaco
45.0,0 days 00:01:17.862000,0 days 00:00:20.451000,0 days 00:00:36.814000,0 days 00:00:20.597000,MEDIUM,45.0,77.862,20.451,36.814,20.597,NOR,2023,Monaco
46.0,0 days 00:01:17.844000,0 days 00:00:20.260000,0 days 00:00:36.955000,0 days 00:00:20.629000,MEDIUM,46.0,77.844,20.26,36.955,20.629,NOR,2023,Monaco
47.0,0 days 00:01:18.234000,0 days 00:00:20.342000,0 days 00:00:37.113000,0 days 00:00:20.779000,MEDIUM,47.0,78.234,20.342,37.113,20.779,NOR,2023,Monaco
48.0,0 days 00:01:18.297000,0 days 00:00:20.446000,0 days 00:00:37.063000,0 days 00:00:20.788000,MEDIUM,48.0,78.297,20.446,37.063,20.788,NOR,2023,Monaco
49.0,0 days 00:01:18.152000,0 days 00:00:20.358000,0 days 00:00:37.156000,0 days 00:00:20.638000,MEDIUM,49.0,78.152,20.358,37.156,20.638,NOR,2023,Monaco
2.0,0 days 00:01:20.593000,0 days 00:00:21.218000,0 days 00:00:37.827000,0 days 00:00:21.548000,HARD,2.0,80.593,21.218,37.827,21.548,SAI,2023,Monaco
3.0,0 days 00:01:19.958000,0 days 00:00:21.064000,0 days 00:00:37.555000,0 days 00:00:21.339000,HARD,3.0,79.958,21.064,37.555,21.339,SAI,2023,Monaco
4.0,0 days 00:01:19.482000,0 days 00:00:20.956000,0 days 00:00:37.330000,0 days 00:00:21.196000,HARD,4.0,79.482,20.956,37.33,21.196,SAI,2023,Monaco
5.0,0 days 00:01:18.723000,0 days 00:00:20.710000,0 days 00:00:37.120000,0 days 00:00:20.893000,HARD,5.0,78.723,20.71,37.12,20.893,SAI,2023,Monaco
6.0,0 days 00:01:18.764000,0 days 00:00:20.816000,0 days 00:00:37.126000,0 days 00:00:20.822000,HARD,6.0,78.764,20.816,37.126,20.822,SAI,2023,Monaco
7.0,0 days 00:01:18.697000,0 days 00:00:20.775000,0 days 00:00:37.010000,0 days 00:00:20.912000,HARD,7.0,78.697,20.775,37.01,20.912,SAI,2023,Monaco
8.0,0 days 00:01:18.637000,0 days 00:00:20.773000,0 days 00:00:36.906000,0 days 00:00:20.958000,HARD,8.0,78.637,20.773,36.906,20.958,SAI,2023,Monaco
9.0,0 days 00:01:18.306000,0 days 00:00:20.663000,0 days 00:00:36.899000,0 days 00:00:20.744000,HARD,9.0,78.306,20.663,36.899,20.744,SAI,2023,Monaco
10.0,0 days 00:01:18.070000,0 days 00:00:20.574000,0 days 00:00:36.868000,0 days 00:00:20.628000,HARD,10.0,78.07,20.574,36.868,20.628,SAI,2023,Monaco
11.0,0 days 00:01:18.265000,0 days 00:00:20.590000,0 days 00:00:36.442000,0 days 00:00:21.233000,HARD,11.0,78.265,20.59,36.442,21.233,SAI,2023,Monaco
12.0,0 days 00:01:18.947000,0 days 00:00:20.805000,0 days 00:00:37.196000,0 days 00:00:20.946000,HARD,12.0,78.947,20.805,37.196,20.946,SAI,2023,Monaco
13.0,0 days 00:01:18.286000,0 days 00:00:20.536000,0 days 00:00:36.877000,0 days 00:00:20.873000,HARD,13.0,78.286,20.536,36.877,20.873,SAI,2023,Monaco
14.0,0 days 00:01:18.107000,0 days 00:00:20.482000,0 days 00:00:36.785000,0 days 00:00:20.840000,HARD,14.0,78.107,20.482,36.785,20.84,SAI,2023,Monaco
15.0,0 days 00:01:17.883000,0 days 00:00:20.449000,0 days 00:00:36.664000,0 days 00:00:20.770000,HARD,15.0,77.883,20.449,36.664,20.77,SAI,2023,Monaco
16.0,0 days 00:01:18.239000,0 days 00:00:20.460000,0 days 00:00:36.943000,0 days 00:00:20.836000,HARD,16.0,78.239,20.46,36.943,20.836,SAI,2023,Monaco
17.0,0 days 00:01:18.360000,0 days 00:00:20.415000,0 days 00:00:36.946000,0 days 00:00:20.999000,HARD,17.0,78.36,20.415,36.946,20.999,SAI,2023,Monaco
18.0,0 days 00:01:18.178000,0 days 00:00:20.502000,0 days 00:00:36.871000,0 days 00:00:20.805000,HARD,18.0,78.178,20.502,36.871,20.805,SAI,2023,Monaco
19.0,0 days 00:01:17.999000,0 days 00:00:20.392000,0 days 00:00:36.833000,0 days 00:00:20.774000,HARD,19.0,77.999,20.392,36.833,20.774,SAI,2023,Monaco
20.0,0 days 00:01:18.032000,0 days 00:00:20.401000,0 days 00:00:36.775000,0 days 00:00:20.856000,HARD,20.0,78.032,20.401,36.775,20.856,SAI,2023,Monaco
21.0,0 days 00:01:18.006000,0 days 00:00:20.390000,0 days 00:00:36.736000,0 days 00:00:20.880000,HARD,21.0,78.006,20.39,36.736,20.88,SAI,2023,Monaco
22.0,0 days 00:01:18.007000,0 days 00:00:20.423000,0 days 00:00:36.784000,0 days 00:00:20.800000,HARD,22.0,78.007,20.423,36.784,20.8,SAI,2023,Monaco
23.0,0 days 00:01:18.006000,0 days 00:00:20.330000,0 days 00:00:36.880000,0 days 00:00:20.796000,HARD,23.0,78.006,20.33,36.88,20.796,SAI,2023,Monaco
24.0,0 days 00:01:17.912000,0 days 00:00:20.413000,0 days 00:00:36.821000,0 days 00:00:20.678000,HARD,24.0,77.912,20.413,36.821,20.678,SAI,2023,Monaco
25.0,0 days 00:01:17.464000,0 days 00:00:20.294000,0 days 00:00:36.541000,0 days 00:00:20.629000,HARD,25.0,77.464,20.294,36.541,20.629,SAI,2023,Monaco
26.0,0 days 00:01:17.366000,0 days 00:00:20.202000,0 days 00:00:36.551000,0 days 00:00:20.613000,HARD,26.0,77.366,20.202,36.551,20.613,SAI,2023,Monaco
27.0,0 days 00:01:17.318000,0 days 00:00:20.213000,0 days 00:00:36.424000,0 days 00:00:20.681000,HARD,27.0,77.318,20.213,36.424,20.681,SAI,2023,Monaco
28.0,0 days 00:01:17.316000,0 days 00:00:20.150000,0 days 00:00:36.544000,0 days 00:00:20.622000,HARD,28.0,77.316,20.15,36.544,20.622,SAI,2023,Monaco
29.0,0 days 00:01:17.171000,0 days 00:00:20.143000,0 days 00:00:36.494000,0 days 00:00:20.534000,HARD,29.0,77.171,20.143,36.494,20.534,SAI,2023,Monaco
30.0,0 days 00:01:17.220000,0 days 00:00:20.161000,0 days 00:00:36.514000,0 days 00:00:20.545000,HARD,30.0,77.22,20.161,36.514,20.545,SAI,2023,Monaco
31.0,0 days 00:01:17.465000,0 days 00:00:20.157000,0 days 00:00:36.592000,0 days 00:00:20.716000,HARD,31.0,77.465,20.157,36.592,20.716,SAI,2023,Monaco
32.0,0 days 00:01:17.180000,0 days 00:00:20.196000,0 days 00:00:36.534000,0 days 00:00:20.450000,HARD,32.0,77.18,20.196,36.534,20.45,SAI,2023,Monaco
34.0,0 days 00:01:20.767000,0 days 00:00:23.131000,0 days 00:00:36.729000,0 days 00:00:20.907000,MEDIUM,1.0,80.767,23.131,36.729,20.907,SAI,2023,Monaco
35.0,0 days 00:01:16.628000,0 days 00:00:20.045000,0 days 00:00:36.092000,0 days 00:00:20.491000,MEDIUM,2.0,76.628,20.045,36.092,20.491,SAI,2023,Monaco
36.0,0 days 00:01:17.979000,0 days 00:00:20.577000,0 days 00:00:36.864000,0 days 00:00:20.538000,MEDIUM,3.0,77.979,20.577,36.864,20.538,SAI,2023,Monaco
37.0,0 days 00:01:17.565000,0 days 00:00:20.276000,0 days 00:00:36.516000,0 days 00:00:20.773000,MEDIUM,4.0,77.565,20.276,36.516,20.773,SAI,2023,Monaco
38.0,0 days 00:01:16.786000,0 days 00:00:20.022000,0 days 00:00:36.221000,0 days 00:00:20.543000,MEDIUM,5.0,76.786,20.022,36.221,20.543,SAI,2023,Monaco
39.0,0 days 00:01:17.175000,0 days 00:00:20.233000,0 days 00:00:36.431000,0 days 00:00:20.511000,MEDIUM,6.0,77.175,20.233,36.431,20.511,SAI,2023,Monaco
40.0,0 days 00:01:17.023000,0 days 00:00:20.122000,0 days 00:00:36.431000,0 days 00:00:20.470000,MEDIUM,7.0,77.023,20.122,36.431,20.47,SAI,2023,Monaco
41.0,0 days 00:01:16.651000,0 days 00:00:20.007000,0 days 00:00:36.156000,0 days 00:00:20.488000,MEDIUM,8.0,76.651,20.007,36.156,20.488,SAI,2023,Monaco
42.0,0 days 00:01:16.467000,0 days 00:00:20.085000,0 days 00:00:36.003000,0 days 00:00:20.379000,MEDIUM,9.0,76.467,20.085,36.003,20.379,SAI,2023,Monaco
43.0,0 days 00:01:16.449000,0 days 00:00:20.016000,0 days 00:00:36.171000,0 days 00:00:20.262000,MEDIUM,10.0,76.449,20.016,36.171,20.262,SAI,2023,Monaco
44.0,0 days 00:01:17.760000,0 days 00:00:20.063000,0 days 00:00:36.889000,0 days 00:00:20.808000,MEDIUM,11.0,77.76,20.063,36.889,20.808,SAI,2023,Monaco
45.0,0 days 00:01:17.146000,0 days 00:00:20.158000,0 days 00:00:36.414000,0 days 00:00:20.574000,MEDIUM,12.0,77.146,20.158,36.414,20.574,SAI,2023,Monaco
46.0,0 days 00:01:17.220000,0 days 00:00:20.165000,0 days 00:00:36.446000,0 days 00:00:20.609000,MEDIUM,13.0,77.22,20.165,36.446,20.609,SAI,2023,Monaco
47.0,0 days 00:01:16.732000,0 days 00:00:19.971000,0 days 00:00:36.344000,0 days 00:00:20.417000,MEDIUM,14.0,76.732,19.971,36.344,20.417,SAI,2023,Monaco
48.0,0 days 00:01:16.561000,0 days 00:00:19.911000,0 days 00:00:36.340000,0 days 00:00:20.310000,MEDIUM,15.0,76.561,19.911,36.34,20.31,SAI,2023,Monaco
49.0,0 days 00:01:17.014000,0 days 00:00:20.044000,0 days 00:00:36.254000,0 days 00:00:20.716000,MEDIUM,16.0,77.014,20.044,36.254,20.716,SAI,2023,Monaco
50.0,0 days 00:01:16.917000,0 days 00:00:19.994000,0 days 00:00:36.438000,0 days 00:00:20.485000,MEDIUM,17.0,76.917,19.994,36.438,20.485,SAI,2023,Monaco
51.0,0 days 00:01:19.013000,0 days 00:00:20.198000,0 days 00:00:37.492000,0 days 00:00:21.323000,MEDIUM,18.0,79.013,20.198,37.492,21.323,SAI,2023,Monaco
2.0,0 days 00:01:19.704000,0 days 00:00:22.935000,0 days 00:00:36.337000,0 days 00:00:20.432000,HARD,1.0,79.704,22.935,36.337,20.432,PER,2023,Monaco
3.0,0 days 00:01:16.387000,0 days 00:00:20.282000,0 days 00:00:35.738000,0 days 00:00:20.367000,HARD,2.0,76.387,20.282,35.738,20.367,PER,2023,Monaco
4.0,0 days 00:01:16.535000,0 days 00:00:20.292000,0 days 00:00:35.774000,0 days 00:00:20.469000,HARD,3.0,76.535,20.292,35.774,20.469,PER,2023,Monaco
5.0,0 days 00:01:16.269000,0 days 00:00:20.267000,0 days 00:00:35.734000,0 days 00:00:20.268000,HARD,4.0,76.269,20.267,35.734,20.268,PER,2023,Monaco
6.0,0 days 00:01:16.458000,0 days 00:00:20.160000,0 days 00:00:35.801000,0 days 00:00:20.497000,HARD,5.0,76.458,20.16,35.801,20.497,PER,2023,Monaco
7.0,0 days 00:01:17.399000,0 days 00:00:20.511000,0 days 00:00:36.114000,0 days 00:00:20.774000,HARD,6.0,77.399,20.511,36.114,20.774,PER,2023,Monaco
8.0,0 days 00:01:17.937000,0 days 00:00:20.513000,0 days 00:00:36.628000,0 days 00:00:20.796000,HARD,7.0,77.937,20.513,36.628,20.796,PER,2023,Monaco
9.0,0 days 00:01:18.254000,0 days 00:00:20.758000,0 days 00:00:36.550000,0 days 00:00:20.946000,HARD,8.0,78.254,20.758,36.55,20.946,PER,2023,Monaco
10.0,0 days 00:01:19.787000,0 days 00:00:21.116000,0 days 00:00:37.490000,0 days 00:00:21.181000,HARD,9.0,79.787,21.116,37.49,21.181,PER,2023,Monaco
11.0,0 days 00:01:19.848000,0 days 00:00:21.206000,0 days 00:00:37.371000,0 days 00:00:21.271000,HARD,10.0,79.848,21.206,37.371,21.271,PER,2023,Monaco
12.0,0 days 00:01:20.433000,0 days 00:00:21.687000,0 days 00:00:37.445000,0 days 00:00:21.301000,HARD,11.0,80.433,21.687,37.445,21.301,PER,2023,Monaco
13.0,0 days 00:01:20.797000,0 days 00:00:21.434000,0 days 00:00:38.023000,0 days 00:00:21.340000,HARD,12.0,80.797,21.434,38.023,21.34,PER,2023,Monaco
14.0,0 days 00:01:20.283000,0 days 00:00:21.311000,0 days 00:00:37.875000,0 days 00:00:21.097000,HARD,13.0,80.283,21.311,37.875,21.097,PER,2023,Monaco
15.0,0 days 00:01:20.418000,0 days 00:00:21.272000,0 days 00:00:37.911000,0 days 00:00:21.235000,HARD,14.0,80.418,21.272,37.911,21.235,PER,2023,Monaco
16.0,0 days 00:01:20.487000,0 days 00:00:21.144000,0 days 00:00:37.921000,0 days 00:00:21.422000,HARD,15.0,80.487,21.144,37.921,21.422,PER,2023,Monaco
17.0,0 days 00:01:21.315000,0 days 00:00:21.303000,0 days 00:00:38.271000,0 days 00:00:21.741000,HARD,16.0,81.315,21.303,38.271,21.741,PER,2023,Monaco
18.0,0 days 00:01:18.092000,0 days 00:00:20.636000,0 days 00:00:36.662000,0 days 00:00:20.794000,HARD,17.0,78.092,20.636,36.662,20.794,PER,2023,Monaco
19.0,0 days 00:01:17.867000,0 days 00:00:20.601000,0 days 00:00:36.623000,0 days 00:00:20.643000,HARD,18.0,77.867,20.601,36.623,20.643,PER,2023,Monaco
20.0,0 days 00:01:17.979000,0 days 00:00:20.550000,0 days 00:00:36.622000,0 days 00:00:20.807000,HARD,19.0,77.979,20.55,36.622,20.807,PER,2023,Monaco
21.0,0 days 00:01:18.523000,0 days 00:00:20.706000,0 days 00:00:36.755000,0 days 00:00:21.062000,HARD,20.0,78.523,20.706,36.755,21.062,PER,2023,Monaco
22.0,0 days 00:01:18.803000,0 days 00:00:20.812000,0 days 00:00:37.101000,0 days 00:00:20.890000,HARD,21.0,78.803,20.812,37.101,20.89,PER,2023,Monaco
23.0,0 days 00:01:18.604000,0 days 00:00:20.663000,0 days 00:00:36.867000,0 days 00:00:21.074000,HARD,22.0,78.604,20.663,36.867,21.074,PER,2023,Monaco
24.0,0 days 00:01:18.624000,0 days 00:00:20.773000,0 days 00:00:37.019000,0 days 00:00:20.832000,HARD,23.0,78.624,20.773,37.019,20.832,PER,2023,Monaco
25.0,0 days 00:01:18.541000,0 days 00:00:20.766000,0 days 00:00:37.022000,0 days 00:00:20.753000,HARD,24.0,78.541,20.766,37.022,20.753,PER,2023,Monaco
26.0,0 days 00:01:19.877000,0 days 00:00:21.045000,0 days 00:00:37.661000,0 days 00:00:21.171000,HARD,25.0,79.877,21.045,37.661,21.171,PER,2023,Monaco
27.0,0 days 00:01:19.319000,0 days 00:00:20.679000,0 days 00:00:37.368000,0 days 00:00:21.272000,HARD,26.0,79.319,20.679,37.368,21.272,PER,2023,Monaco
28.0,0 days 00:01:19.611000,0 days 00:00:20.867000,0 days 00:00:37.649000,0 days 00:00:21.095000,HARD,27.0,79.611,20.867,37.649,21.095,PER,2023,Monaco
29.0,0 days 00:01:19.986000,0 days 00:00:20.802000,0 days 00:00:38.012000,0 days 00:00:21.172000,HARD,28.0,79.986,20.802,38.012,21.172,PER,2023,Monaco
30.0,0 days 00:01:20.771000,0 days 00:00:20.990000,0 days 00:00:38.914000,0 days 00:00:20.867000,HARD,29.0,80.771,20.99,38.914,20.867,PER,2023,Monaco
31.0,0 days 00:01:19.292000,0 days 00:00:20.676000,0 days 00:00:37.685000,0 days 00:00:20.931000,HARD,30.0,79.292,20.676,37.685,20.931,PER,2023,Monaco
32.0,0 days 00:01:19.607000,0 days 00:00:20.311000,0 days 00:00:38.121000,0 days 00:00:21.175000,HARD,31.0,79.607,20.311,38.121,21.175,PER,2023,Monaco
35.0,0 days 00:01:19.581000,0 days 00:00:22.615000,0 days 00:00:36.538000,0 days 00:00:20.428000,MEDIUM,2.0,79.581,22.615,36.538,20.428,PER,2023,Monaco
36.0,0 days 00:01:16.882000,0 days 00:00:20.285000,0 days 00:00:36.090000,0 days 00:00:20.507000,MEDIUM,3.0,76.882,20.285,36.09,20.507,PER,2023,Monaco
37.0,0 days 00:01:16.706000,0 days 00:00:20.132000,0 days 00:00:36.231000,0 days 00:00:20.343000,MEDIUM,4.0,76.706,20.132,36.231,20.343,PER,2023,Monaco
38.0,0 days 00:01:16.353000,0 days 00:00:20.058000,0 days 00:00:36.054000,0 days 00:00:20.241000,MEDIUM,5.0,76.353,20.058,36.054,20.241,PER,2023,Monaco
39.0,0 days 00:01:16.445000,0 days 00:00:20.114000,0 days 00:00:36.082000,0 days 00:00:20.249000,MEDIUM,6.0,76.445,20.114,36.082,20.249,PER,2023,Monaco
40.0,0 days 00:01:16.755000,0 days 00:00:19.979000,0 days 00:00:36.340000,0 days 00:00:20.436000,MEDIUM,7.0,76.755,19.979,36.34,20.436,PER,2023,Monaco
41.0,0 days 00:01:17.959000,0 days 00:00:20.300000,0 days 00:00:36.784000,0 days 00:00:20.875000,MEDIUM,8.0,77.959,20.3,36.784,20.875,PER,2023,Monaco
42.0,0 days 00:01:17.460000,0 days 00:00:20.269000,0 days 00:00:36.496000,0 days 00:00:20.695000,MEDIUM,9.0,77.46,20.269,36.496,20.695,PER,2023,Monaco
43.0,0 days 00:01:17.847000,0 days 00:00:20.328000,0 days 00:00:36.787000,0 days 00:00:20.732000,MEDIUM,10.0,77.847,20.328,36.787,20.732,PER,2023,Monaco
44.0,0 days 00:01:17.616000,0 days 00:00:20.365000,0 days 00:00:36.641000,0 days 00:00:20.610000,MEDIUM,11.0,77.616,20.365,36.641,20.61,PER,2023,Monaco
45.0,0 days 00:01:17.128000,0 days 00:00:20.104000,0 days 00:00:36.446000,0 days 00:00:20.578000,MEDIUM,12.0,77.128,20.104,36.446,20.578,PER,2023,Monaco
46.0,0 days 00:01:17.047000,0 days 00:00:20.165000,0 days 00:00:36.405000,0 days 00:00:20.477000,MEDIUM,13.0,77.047,20.165,36.405,20.477,PER,2023,Monaco
47.0,0 days 00:01:16.859000,0 days 00:00:20.214000,0 days 00:00:36.171000,0 days 00:00:20.474000,MEDIUM,14.0,76.859,20.214,36.171,20.474,PER,2023,Monaco
48.0,0 days 00:01:16.980000,0 days 00:00:20.086000,0 days 00:00:36.499000,0 days 00:00:20.395000,MEDIUM,15.0,76.98,20.086,36.499,20.395,PER,2023,Monaco
49.0,0 days 00:01:18.524000,0 days 00:00:20.226000,0 days 00:00:37.083000,0 days 00:00:21.215000,MEDIUM,16.0,78.524,20.226,37.083,21.215,PER,2023,Monaco
2.0,0 days 00:01:21.155000,0 days 00:00:21.784000,0 days 00:00:37.682000,0 days 00:00:21.689000,HARD,2.0,81.155,21.784,37.682,21.689,RUS,2023,Monaco
3.0,0 days 00:01:20.291000,0 days 00:00:21.169000,0 days 00:00:37.663000,0 days 00:00:21.459000,HARD,3.0,80.291,21.169,37.663,21.459,RUS,2023,Monaco
4.0,0 days 00:01:20.030000,0 days 00:00:21.140000,0 days 00:00:37.480000,0 days 00:00:21.410000,HARD,4.0,80.03,21.14,37.48,21.41,RUS,2023,Monaco
5.0,0 days 00:01:18.840000,0 days 00:00:20.820000,0 days 00:00:36.963000,0 days 00:00:21.057000,HARD,5.0,78.84,20.82,36.963,21.057,RUS,2023,Monaco
6.0,0 days 00:01:18.945000,0 days 00:00:20.735000,0 days 00:00:37.171000,0 days 00:00:21.039000,HARD,6.0,78.945,20.735,37.171,21.039,RUS,2023,Monaco
7.0,0 days 00:01:18.583000,0 days 00:00:20.729000,0 days 00:00:36.899000,0 days 00:00:20.955000,HARD,7.0,78.583,20.729,36.899,20.955,RUS,2023,Monaco
8.0,0 days 00:01:18.990000,0 days 00:00:20.702000,0 days 00:00:37.206000,0 days 00:00:21.082000,HARD,8.0,78.99,20.702,37.206,21.082,RUS,2023,Monaco
9.0,0 days 00:01:19.025000,0 days 00:00:20.939000,0 days 00:00:36.978000,0 days 00:00:21.108000,HARD,9.0,79.025,20.939,36.978,21.108,RUS,2023,Monaco
10.0,0 days 00:01:18.566000,0 days 00:00:20.693000,0 days 00:00:37.032000,0 days 00:00:20.841000,HARD,10.0,78.566,20.693,37.032,20.841,RUS,2023,Monaco
11.0,0 days 00:01:18.483000,0 days 00:00:20.787000,0 days 00:00:36.810000,0 days 00:00:20.886000,HARD,11.0,78.483,20.787,36.81,20.886,RUS,2023,Monaco
12.0,0 days 00:01:18.459000,0 days 00:00:21.157000,0 days 00:00:36.614000,0 days 00:00:20.688000,HARD,12.0,78.459,21.157,36.614,20.688,RUS,2023,Monaco
13.0,0 days 00:01:17.787000,0 days 00:00:20.598000,0 days 00:00:36.554000,0 days 00:00:20.635000,HARD,13.0,77.787,20.598,36.554,20.635,RUS,2023,Monaco
14.0,0 days 00:01:18.286000,0 days 00:00:20.609000,0 days 00:00:36.794000,0 days 00:00:20.883000,HARD,14.0,78.286,20.609,36.794,20.883,RUS,2023,Monaco
15.0,0 days 00:01:18.531000,0 days 00:00:20.706000,0 days 00:00:36.850000,0 days 00:00:20.975000,HARD,15.0,78.531,20.706,36.85,20.975,RUS,2023,Monaco
16.0,0 days 00:01:18.502000,0 days 00:00:20.614000,0 days 00:00:36.957000,0 days 00:00:20.931000,HARD,16.0,78.502,20.614,36.957,20.931,RUS,2023,Monaco
17.0,0 days 00:01:18.244000,0 days 00:00:20.710000,0 days 00:00:36.722000,0 days 00:00:20.812000,HARD,17.0,78.244,20.71,36.722,20.812,RUS,2023,Monaco
18.0,0 days 00:01:18.229000,0 days 00:00:20.493000,0 days 00:00:36.799000,0 days 00:00:20.937000,HARD,18.0,78.229,20.493,36.799,20.937,RUS,2023,Monaco
19.0,0 days 00:01:18.299000,0 days 00:00:20.651000,0 days 00:00:36.740000,0 days 00:00:20.908000,HARD,19.0,78.299,20.651,36.74,20.908,RUS,2023,Monaco
20.0,0 days 00:01:18.320000,0 days 00:00:20.523000,0 days 00:00:36.906000,0 days 00:00:20.891000,HARD,20.0,78.32,20.523,36.906,20.891,RUS,2023,Monaco
21.0,0 days 00:01:18.086000,0 days 00:00:20.536000,0 days 00:00:36.661000,0 days 00:00:20.889000,HARD,21.0,78.086,20.536,36.661,20.889,RUS,2023,Monaco
22.0,0 days 00:01:17.879000,0 days 00:00:20.466000,0 days 00:00:36.531000,0 days 00:00:20.882000,HARD,22.0,77.879,20.466,36.531,20.882,RUS,2023,Monaco
23.0,0 days 00:01:18.111000,0 days 00:00:20.625000,0 days 00:00:36.726000,0 days 00:00:20.760000,HARD,23.0,78.111,20.625,36.726,20.76,RUS,2023,Monaco
24.0,0 days 00:01:17.709000,0 days 00:00:20.563000,0 days 00:00:36.481000,0 days 00:00:20.665000,HARD,24.0,77.709,20.563,36.481,20.665,RUS,2023,Monaco
25.0,0 days 00:01:17.648000,0 days 00:00:20.339000,0 days 00:00:36.507000,0 days 00:00:20.802000,HARD,25.0,77.648,20.339,36.507,20.802,RUS,2023,Monaco
26.0,0 days 00:01:17.900000,0 days 00:00:20.563000,0 days 00:00:36.529000,0 days 00:00:20.808000,HARD,26.0,77.9,20.563,36.529,20.808,RUS,2023,Monaco
27.0,0 days 00:01:17.837000,0 days 00:00:20.410000,0 days 00:00:36.640000,0 days 00:00:20.787000,HARD,27.0,77.837,20.41,36.64,20.787,RUS,2023,Monaco
28.0,0 days 00:01:17.353000,0 days 00:00:20.205000,0 days 00:00:36.400000,0 days 00:00:20.748000,HARD,28.0,77.353,20.205,36.4,20.748,RUS,2023,Monaco
29.0,0 days 00:01:17.332000,0 days 00:00:20.233000,0 days 00:00:36.437000,0 days 00:00:20.662000,HARD,29.0,77.332,20.233,36.437,20.662,RUS,2023,Monaco
30.0,0 days 00:01:17.300000,0 days 00:00:20.196000,0 days 00:00:36.441000,0 days 00:00:20.663000,HARD,30.0,77.3,20.196,36.441,20.663,RUS,2023,Monaco
31.0,0 days 00:01:17.404000,0 days 00:00:20.248000,0 days 00:00:36.479000,0 days 00:00:20.677000,HARD,31.0,77.404,20.248,36.479,20.677,RUS,2023,Monaco
32.0,0 days 00:01:17.474000,0 days 00:00:20.162000,0 days 00:00:36.558000,0 days 00:00:20.754000,HARD,32.0,77.474,20.162,36.558,20.754,RUS,2023,Monaco
33.0,0 days 00:01:17.556000,0 days 00:00:20.373000,0 days 00:00:36.578000,0 days 00:00:20.605000,HARD,33.0,77.556,20.373,36.578,20.605,RUS,2023,Monaco
34.0,0 days 00:01:17.569000,0 days 00:00:20.208000,0 days 00:00:36.647000,0 days 00:00:20.714000,HARD,34.0,77.569,20.208,36.647,20.714,RUS,2023,Monaco
35.0,0 days 00:01:17.568000,0 days 00:00:20.282000,0 days 00:00:36.608000,0 days 00:00:20.678000,HARD,35.0,77.568,20.282,36.608,20.678,RUS,2023,Monaco
36.0,0 days 00:01:17.111000,0 days 00:00:20.027000,0 days 00:00:36.406000,0 days 00:00:20.678000,HARD,36.0,77.111,20.027,36.406,20.678,RUS,2023,Monaco
37.0,0 days 00:01:17.335000,0 days 00:00:20.098000,0 days 00:00:36.568000,0 days 00:00:20.669000,HARD,37.0,77.335,20.098,36.568,20.669,RUS,2023,Monaco
38.0,0 days 00:01:17.195000,0 days 00:00:20.125000,0 days 00:00:36.386000,0 days 00:00:20.684000,HARD,38.0,77.195,20.125,36.386,20.684,RUS,2023,Monaco
39.0,0 days 00:01:17.339000,0 days 00:00:20.122000,0 days 00:00:36.499000,0 days 00:00:20.718000,HARD,39.0,77.339,20.122,36.499,20.718,RUS,2023,Monaco
40.0,0 days 00:01:17.215000,0 days 00:00:20.085000,0 days 00:00:36.504000,0 days 00:00:20.626000,HARD,40.0,77.215,20.085,36.504,20.626,RUS,2023,Monaco
41.0,0 days 00:01:17.323000,0 days 00:00:20.140000,0 days 00:00:36.468000,0 days 00:00:20.715000,HARD,41.0,77.323,20.14,36.468,20.715,RUS,2023,Monaco
42.0,0 days 00:01:17.979000,0 days 00:00:20.327000,0 days 00:00:36.809000,0 days 00:00:20.843000,HARD,42.0,77.979,20.327,36.809,20.843,RUS,2023,Monaco
43.0,0 days 00:01:17.847000,0 days 00:00:20.357000,0 days 00:00:36.668000,0 days 00:00:20.822000,HARD,43.0,77.847,20.357,36.668,20.822,RUS,2023,Monaco
44.0,0 days 00:01:17.967000,0 days 00:00:20.315000,0 days 00:00:36.776000,0 days 00:00:20.876000,HARD,44.0,77.967,20.315,36.776,20.876,RUS,2023,Monaco
45.0,0 days 00:01:17.545000,0 days 00:00:20.228000,0 days 00:00:36.676000,0 days 00:00:20.641000,HARD,45.0,77.545,20.228,36.676,20.641,RUS,2023,Monaco
46.0,0 days 00:01:17.068000,0 days 00:00:19.925000,0 days 00:00:36.553000,0 days 00:00:20.590000,HARD,46.0,77.068,19.925,36.553,20.59,RUS,2023,Monaco
47.0,0 days 00:01:17.060000,0 days 00:00:19.990000,0 days 00:00:36.503000,0 days 00:00:20.567000,HARD,47.0,77.06,19.99,36.503,20.567,RUS,2023,Monaco
48.0,0 days 00:01:16.798000,0 days 00:00:20.070000,0 days 00:00:36.259000,0 days 00:00:20.469000,HARD,48.0,76.798,20.07,36.259,20.469,RUS,2023,Monaco
49.0,0 days 00:01:17.223000,0 days 00:00:20.086000,0 days 00:00:36.389000,0 days 00:00:20.748000,HARD,49.0,77.223,20.086,36.389,20.748,RUS,2023,Monaco
50.0,0 days 00:01:17.635000,0 days 00:00:20.052000,0 days 00:00:36.854000,0 days 00:00:20.729000,HARD,50.0,77.635,20.052,36.854,20.729,RUS,2023,Monaco
51.0,0 days 00:01:19.640000,0 days 00:00:20.543000,0 days 00:00:38.039000,0 days 00:00:21.058000,HARD,51.0,79.64,20.543,38.039,21.058,RUS,2023,Monaco
2.0,0 days 00:01:19.646000,0 days 00:00:20.871000,0 days 00:00:37.656000,0 days 00:00:21.119000,HARD,3.0,79.646,20.871,37.656,21.119,ALO,2023,Monaco
3.0,0 days 00:01:19.113000,0 days 00:00:20.649000,0 days 00:00:37.348000,0 days 00:00:21.116000,HARD,4.0,79.113,20.649,37.348,21.116,ALO,2023,Monaco
4.0,0 days 00:01:18.776000,0 days 00:00:20.584000,0 days 00:00:37.221000,0 days 00:00:20.971000,HARD,5.0,78.776,20.584,37.221,20.971,ALO,2023,Monaco
5.0,0 days 00:01:17.939000,0 days 00:00:20.370000,0 days 00:00:36.729000,0 days 00:00:20.840000,HARD,6.0,77.939,20.37,36.729,20.84,ALO,2023,Monaco
6.0,0 days 00:01:17.952000,0 days 00:00:20.424000,0 days 00:00:36.669000,0 days 00:00:20.859000,HARD,7.0,77.952,20.424,36.669,20.859,ALO,2023,Monaco
7.0,0 days 00:01:17.505000,0 days 00:00:20.330000,0 days 00:00:36.535000,0 days 00:00:20.640000,HARD,8.0,77.505,20.33,36.535,20.64,ALO,2023,Monaco
8.0,0 days 00:01:17.391000,0 days 00:00:20.266000,0 days 00:00:36.514000,0 days 00:00:20.611000,HARD,9.0,77.391,20.266,36.514,20.611,ALO,2023,Monaco
9.0,0 days 00:01:17.783000,0 days 00:00:20.229000,0 days 00:00:36.675000,0 days 00:00:20.879000,HARD,10.0,77.783,20.229,36.675,20.879,ALO,2023,Monaco
10.0,0 days 00:01:17.324000,0 days 00:00:20.143000,0 days 00:00:36.488000,0 days 00:00:20.693000,HARD,11.0,77.324,20.143,36.488,20.693,ALO,2023,Monaco
11.0,0 days 00:01:17.249000,0 days 00:00:20.216000,0 days 00:00:36.375000,0 days 00:00:20.658000,HARD,12.0,77.249,20.216,36.375,20.658,ALO,2023,Monaco
12.0,0 days 00:01:17.588000,0 days 00:00:20.251000,0 days 00:00:36.350000,0 days 00:00:20.987000,HARD,13.0,77.588,20.251,36.35,20.987,ALO,2023,Monaco
13.0,0 days 00:01:18.443000,0 days 00:00:20.525000,0 days 00:00:36.585000,0 days 00:00:21.333000,HARD,14.0,78.443,20.525,36.585,21.333,ALO,2023,Monaco
14.0,0 days 00:01:17.508000,0 days 00:00:20.194000,0 days 00:00:36.591000,0 days 00:00:20.723000,HARD,15.0,77.508,20.194,36.591,20.723,ALO,2023,Monaco
15.0,0 days 00:01:17.444000,0 days 00:00:20.171000,0 days 00:00:36.502000,0 days 00:00:20.771000,HARD,16.0,77.444,20.171,36.502,20.771,ALO,2023,Monaco
16.0,0 days 00:01:17.170000,0 days 00:00:20.230000,0 days 00:00:36.363000,0 days 00:00:20.577000,HARD,17.0,77.17,20.23,36.363,20.577,ALO,2023,Monaco
17.0,0 days 00:01:17.699000,0 days 00:00:20.340000,0 days 00:00:36.596000,0 days 00:00:20.763000,HARD,18.0,77.699,20.34,36.596,20.763,ALO,2023,Monaco
18.0,0 days 00:01:17.528000,0 days 00:00:20.206000,0 days 00:00:36.547000,0 days 00:00:20.775000,HARD,19.0,77.528,20.206,36.547,20.775,ALO,2023,Monaco
19.0,0 days 00:01:17.258000,0 days 00:00:20.174000,0 days 00:00:36.447000,0 days 00:00:20.637000,HARD,20.0,77.258,20.174,36.447,20.637,ALO,2023,Monaco
20.0,0 days 00:01:17.130000,0 days 00:00:20.139000,0 days 00:00:36.403000,0 days 00:00:20.588000,HARD,21.0,77.13,20.139,36.403,20.588,ALO,2023,Monaco
21.0,0 days 00:01:17.664000,0 days 00:00:20.223000,0 days 00:00:36.546000,0 days 00:00:20.895000,HARD,22.0,77.664,20.223,36.546,20.895,ALO,2023,Monaco
22.0,0 days 00:01:17.947000,0 days 00:00:20.394000,0 days 00:00:36.673000,0 days 00:00:20.880000,HARD,23.0,77.947,20.394,36.673,20.88,ALO,2023,Monaco
23.0,0 days 00:01:17.272000,0 days 00:00:20.109000,0 days 00:00:36.449000,0 days 00:00:20.714000,HARD,24.0,77.272,20.109,36.449,20.714,ALO,2023,Monaco
24.0,0 days 00:01:17.285000,0 days 00:00:20.122000,0 days 00:00:36.464000,0 days 00:00:20.699000,HARD,25.0,77.285,20.122,36.464,20.699,ALO,2023,Monaco
25.0,0 days 00:01:17.182000,0 days 00:00:20.018000,0 days 00:00:36.428000,0 days 00:00:20.736000,HARD,26.0,77.182,20.018,36.428,20.736,ALO,2023,Monaco
26.0,0 days 00:01:17.141000,0 days 00:00:20.057000,0 days 00:00:36.346000,0 days 00:00:20.738000,HARD,27.0,77.141,20.057,36.346,20.738,ALO,2023,Monaco
27.0,0 days 00:01:17.228000,0 days 00:00:20.018000,0 days 00:00:36.470000,0 days 00:00:20.740000,HARD,28.0,77.228,20.018,36.47,20.74,ALO,2023,Monaco
28.0,0 days 00:01:17.562000,0 days 00:00:20.224000,0 days 00:00:36.581000,0 days 00:00:20.757000,HARD,29.0,77.562,20.224,36.581,20.757,ALO,2023,Monaco
29.0,0 days 00:01:17.111000,0 days 00:00:20.075000,0 days 00:00:36.445000,0 days 00:00:20.591000,HARD,30.0,77.111,20.075,36.445,20.591,ALO,2023,Monaco
30.0,0 days 00:01:16.965000,0 days 00:00:20.035000,0 days 00:00:36.332000,0 days 00:00:20.598000,HARD,31.0,76.965,20.035,36.332,20.598,ALO,2023,Monaco
31.0,0 days 00:01:17.259000,0 days 00:00:20.008000,0 days 00:00:36.459000,0 days 00:00:20.792000,HARD,32.0,77.259,20.008,36.459,20.792,ALO,2023,Monaco
32.0,0 days 00:01:17.637000,0 days 00:00:20.096000,0 days 00:00:36.618000,0 days 00:00:20.923000,HARD,33.0,77.637,20.096,36.618,20.923,ALO,2023,Monaco
33.0,0 days 00:01:17.816000,0 days 00:00:20.289000,0 days 00:00:36.672000,0 days 00:00:20.855000,HARD,34.0,77.816,20.289,36.672,20.855,ALO,2023,Monaco
34.0,0 days 00:01:19.297000,0 days 00:00:20.377000,0 days 00:00:37.388000,0 days 00:00:21.532000,HARD,35.0,79.297,20.377,37.388,21.532,ALO,2023,Monaco
35.0,0 days 00:01:18.634000,0 days 00:00:20.651000,0 days 00:00:37.116000,0 days 00:00:20.867000,HARD,36.0,78.634,20.651,37.116,20.867,ALO,2023,Monaco
36.0,0 days 00:01:17.876000,0 days 00:00:20.203000,0 days 00:00:36.792000,0 days 00:00:20.881000,HARD,37.0,77.876,20.203,36.792,20.881,ALO,2023,Monaco
37.0,0 days 00:01:17.974000,0 days 00:00:20.265000,0 days 00:00:37.020000,0 days 00:00:20.689000,HARD,38.0,77.974,20.265,37.02,20.689,ALO,2023,Monaco
38.0,0 days 00:01:17.141000,0 days 00:00:20.056000,0 days 00:00:36.463000,0 days 00:00:20.622000,HARD,39.0,77.141,20.056,36.463,20.622,ALO,2023,Monaco
39.0,0 days 00:01:17.705000,0 days 00:00:20.213000,0 days 00:00:36.826000,0 days 00:00:20.666000,HARD,40.0,77.705,20.213,36.826,20.666,ALO,2023,Monaco
40.0,0 days 00:01:17.630000,0 days 00:00:20.249000,0 days 00:00:36.856000,0 days 00:00:20.525000,HARD,41.0,77.63,20.249,36.856,20.525,ALO,2023,Monaco
41.0,0 days 00:01:17.016000,0 days 00:00:20.069000,0 days 00:00:36.395000,0 days 00:00:20.552000,HARD,42.0,77.016,20.069,36.395,20.552,ALO,2023,Monaco
42.0,0 days 00:01:16.719000,0 days 00:00:19.940000,0 days 00:00:36.431000,0 days 00:00:20.348000,HARD,43.0,76.719,19.94,36.431,20.348,ALO,2023,Monaco
43.0,0 days 00:01:16.674000,0 days 00:00:19.813000,0 days 00:00:36.396000,0 days 00:00:20.465000,HARD,44.0,76.674,19.813,36.396,20.465,ALO,2023,Monaco
44.0,0 days 00:01:16.919000,0 days 00:00:19.801000,0 days 00:00:36.498000,0 days 00:00:20.620000,HARD,45.0,76.919,19.801,36.498,20.62,ALO,2023,Monaco
45.0,0 days 00:01:16.862000,0 days 00:00:19.904000,0 days 00:00:36.379000,0 days 00:00:20.579000,HARD,46.0,76.862,19.904,36.379,20.579,ALO,2023,Monaco
46.0,0 days 00:01:17.114000,0 days 00:00:19.866000,0 days 00:00:36.563000,0 days 00:00:20.685000,HARD,47.0,77.114,19.866,36.563,20.685,ALO,2023,Monaco
47.0,0 days 00:01:17.108000,0 days 00:00:19.867000,0 days 00:00:36.608000,0 days 00:00:20.633000,HARD,48.0,77.108,19.867,36.608,20.633,ALO,2023,Monaco
48.0,0 days 00:01:16.931000,0 days 00:00:19.939000,0 days 00:00:36.441000,0 days 00:00:20.551000,HARD,49.0,76.931,19.939,36.441,20.551,ALO,2023,Monaco
49.0,0 days 00:01:16.992000,0 days 00:00:19.967000,0 days 00:00:36.487000,0 days 00:00:20.538000,HARD,50.0,76.992,19.967,36.487,20.538,ALO,2023,Monaco
50.0,0 days 00:01:17.408000,0 days 00:00:20.235000,0 days 00:00:36.595000,0 days 00:00:20.578000,HARD,51.0,77.408,20.235,36.595,20.578,ALO,2023,Monaco
51.0,0 days 00:01:19.991000,0 days 00:00:20.122000,0 days 00:00:38.591000,0 days 00:00:21.278000,HARD,52.0,79.991,20.122,38.591,21.278,ALO,2023,Monaco
14.0,0 days 00:01:19.723000,0 days 00:00:20.849000,0 days 00:00:37.408000,0 days 00:00:21.466000,MEDIUM,13.0,79.723,20.849,37.408,21.466,VER,2024,Monaco
18.0,0 days 00:01:19.580000,0 days 00:00:21.012000,0 days 00:00:37.408000,0 days 00:00:21.160000,MEDIUM,17.0,79.58,21.012,37.408,21.16,VER,2024,Monaco
23.0,0 days 00:01:18.979000,0 days 00:00:20.825000,0 days 00:00:36.884000,0 days 00:00:21.270000,MEDIUM,22.0,78.979,20.825,36.884,21.27,VER,2024,Monaco
24.0,0 days 00:01:19.364000,0 days 00:00:20.830000,0 days 00:00:37.287000,0 days 00:00:21.247000,MEDIUM,23.0,79.364,20.83,37.287,21.247,VER,2024,Monaco
25.0,0 days 00:01:19.380000,0 days 00:00:20.827000,0 days 00:00:37.328000,0 days 00:00:21.225000,MEDIUM,24.0,79.38,20.827,37.328,21.225,VER,2024,Monaco
26.0,0 days 00:01:18.818000,0 days 00:00:20.646000,0 days 00:00:37.241000,0 days 00:00:20.931000,MEDIUM,25.0,78.818,20.646,37.241,20.931,VER,2024,Monaco
27.0,0 days 00:01:18.797000,0 days 00:00:20.592000,0 days 00:00:37.213000,0 days 00:00:20.992000,MEDIUM,26.0,78.797,20.592,37.213,20.992,VER,2024,Monaco
28.0,0 days 00:01:18.682000,0 days 00:00:21,0 days 00:00:36.851000,0 days 00:00:20.831000,MEDIUM,27.0,78.682,21.0,36.851,20.831,VER,2024,Monaco
29.0,0 days 00:01:18.795000,0 days 00:00:20.960000,0 days 00:00:36.819000,0 days 00:00:21.016000,MEDIUM,28.0,78.795,20.96,36.819,21.016,VER,2024,Monaco
30.0,0 days 00:01:18.574000,0 days 00:00:20.983000,0 days 00:00:36.660000,0 days 00:00:20.931000,MEDIUM,29.0,78.574,20.983,36.66,20.931,VER,2024,Monaco
31.0,0 days 00:01:18.564000,0 days 00:00:20.941000,0 days 00:00:36.674000,0 days 00:00:20.949000,MEDIUM,30.0,78.564,20.941,36.674,20.949,VER,2024,Monaco
32.0,0 days 00:01:18.983000,0 days 00:00:21.108000,0 days 00:00:36.848000,0 days 00:00:21.027000,MEDIUM,31.0,78.983,21.108,36.848,21.027,VER,2024,Monaco
33.0,0 days 00:01:19.005000,0 days 00:00:21.185000,0 days 00:00:36.810000,0 days 00:00:21.010000,MEDIUM,32.0,79.005,21.185,36.81,21.01,VER,2024,Monaco
34.0,0 days 00:01:19.594000,0 days 00:00:21.220000,0 days 00:00:37.043000,0 days 00:00:21.331000,MEDIUM,33.0,79.594,21.22,37.043,21.331,VER,2024,Monaco
36.0,0 days 00:01:19.634000,0 days 00:00:21.105000,0 days 00:00:37.154000,0 days 00:00:21.375000,MEDIUM,35.0,79.634,21.105,37.154,21.375,VER,2024,Monaco
37.0,0 days 00:01:19.429000,0 days 00:00:21.231000,0 days 00:00:36.992000,0 days 00:00:21.206000,MEDIUM,36.0,79.429,21.231,36.992,21.206,VER,2024,Monaco
38.0,0 days 00:01:18.844000,0 days 00:00:20.966000,0 days 00:00:36.930000,0 days 00:00:20.948000,MEDIUM,37.0,78.844,20.966,36.93,20.948,VER,2024,Monaco
39.0,0 days 00:01:18.326000,0 days 00:00:20.844000,0 days 00:00:36.647000,0 days 00:00:20.835000,MEDIUM,38.0,78.326,20.844,36.647,20.835,VER,2024,Monaco
40.0,0 days 00:01:18.409000,0 days 00:00:20.696000,0 days 00:00:36.874000,0 days 00:00:20.839000,MEDIUM,39.0,78.409,20.696,36.874,20.839,VER,2024,Monaco
41.0,0 days 00:01:18.083000,0 days 00:00:20.776000,0 days 00:00:36.567000,0 days 00:00:20.740000,MEDIUM,40.0,78.083,20.776,36.567,20.74,VER,2024,Monaco
42.0,0 days 00:01:18.074000,0 days 00:00:20.728000,0 days 00:00:36.721000,0 days 00:00:20.625000,MEDIUM,41.0,78.074,20.728,36.721,20.625,VER,2024,Monaco
43.0,0 days 00:01:18.358000,0 days 00:00:20.913000,0 days 00:00:36.517000,0 days 00:00:20.928000,MEDIUM,42.0,78.358,20.913,36.517,20.928,VER,2024,Monaco
44.0,0 days 00:01:18.405000,0 days 00:00:20.976000,0 days 00:00:36.685000,0 days 00:00:20.744000,MEDIUM,43.0,78.405,20.976,36.685,20.744,VER,2024,Monaco
45.0,0 days 00:01:18.313000,0 days 00:00:20.742000,0 days 00:00:36.682000,0 days 00:00:20.889000,MEDIUM,44.0,78.313,20.742,36.682,20.889,VER,2024,Monaco
46.0,0 days 00:01:18.203000,0 days 00:00:20.832000,0 days 00:00:36.559000,0 days 00:00:20.812000,MEDIUM,45.0,78.203,20.832,36.559,20.812,VER,2024,Monaco
47.0,0 days 00:01:18.537000,0 days 00:00:20.799000,0 days 00:00:36.688000,0 days 00:00:21.050000,MEDIUM,46.0,78.537,20.799,36.688,21.05,VER,2024,Monaco
48.0,0 days 00:01:18.337000,0 days 00:00:20.716000,0 days 00:00:36.661000,0 days 00:00:20.960000,MEDIUM,47.0,78.337,20.716,36.661,20.96,VER,2024,Monaco
49.0,0 days 00:01:18.477000,0 days 00:00:20.770000,0 days 00:00:36.778000,0 days 00:00:20.929000,MEDIUM,48.0,78.477,20.77,36.778,20.929,VER,2024,Monaco
50.0,0 days 00:01:18.880000,0 days 00:00:21.141000,0 days 00:00:36.859000,0 days 00:00:20.880000,MEDIUM,49.0,78.88,21.141,36.859,20.88,VER,2024,Monaco
51.0,0 days 00:01:18.142000,0 days 00:00:20.787000,0 days 00:00:36.565000,0 days 00:00:20.790000,MEDIUM,50.0,78.142,20.787,36.565,20.79,VER,2024,Monaco
53.0,0 days 00:01:18.724000,0 days 00:00:22.321000,0 days 00:00:36.244000,0 days 00:00:20.159000,HARD,2.0,78.724,22.321,36.244,20.159,VER,2024,Monaco
54.0,0 days 00:01:15.815000,0 days 00:00:19.570000,0 days 00:00:36.049000,0 days 00:00:20.196000,HARD,3.0,75.815,19.57,36.049,20.196,VER,2024,Monaco
55.0,0 days 00:01:15.398000,0 days 00:00:19.799000,0 days 00:00:35.590000,0 days 00:00:20.009000,HARD,4.0,75.398,19.799,35.59,20.009,VER,2024,Monaco
56.0,0 days 00:01:15.466000,0 days 00:00:19.655000,0 days 00:00:35.529000,0 days 00:00:20.282000,HARD,5.0,75.466,19.655,35.529,20.282,VER,2024,Monaco
57.0,0 days 00:01:16.181000,0 days 00:00:20.012000,0 days 00:00:36.173000,0 days 00:00:19.996000,HARD,6.0,76.181,20.012,36.173,19.996,VER,2024,Monaco
58.0,0 days 00:01:14.569000,0 days 00:00:19.343000,0 days 00:00:35.377000,0 days 00:00:19.849000,HARD,7.0,74.569,19.343,35.377,19.849,VER,2024,Monaco
59.0,0 days 00:01:14.748000,0 days 00:00:19.543000,0 days 00:00:35.369000,0 days 00:00:19.836000,HARD,8.0,74.748,19.543,35.369,19.836,VER,2024,Monaco
60.0,0 days 00:01:15.238000,0 days 00:00:19.399000,0 days 00:00:35.421000,0 days 00:00:20.418000,HARD,9.0,75.238,19.399,35.421,20.418,VER,2024,Monaco
61.0,0 days 00:01:15.121000,0 days 00:00:19.450000,0 days 00:00:35.599000,0 days 00:00:20.072000,HARD,10.0,75.121,19.45,35.599,20.072,VER,2024,Monaco
62.0,0 days 00:01:16.561000,0 days 00:00:20.077000,0 days 00:00:36.108000,0 days 00:00:20.376000,HARD,11.0,76.561,20.077,36.108,20.376,VER,2024,Monaco
63.0,0 days 00:01:16.547000,0 days 00:00:20.125000,0 days 00:00:35.973000,0 days 00:00:20.449000,HARD,12.0,76.547,20.125,35.973,20.449,VER,2024,Monaco
64.0,0 days 00:01:16.619000,0 days 00:00:20.262000,0 days 00:00:36.106000,0 days 00:00:20.251000,HARD,13.0,76.619,20.262,36.106,20.251,VER,2024,Monaco
65.0,0 days 00:01:15.468000,0 days 00:00:19.616000,0 days 00:00:35.717000,0 days 00:00:20.135000,HARD,14.0,75.468,19.616,35.717,20.135,VER,2024,Monaco
66.0,0 days 00:01:16.121000,0 days 00:00:19.696000,0 days 00:00:35.898000,0 days 00:00:20.527000,HARD,15.0,76.121,19.696,35.898,20.527,VER,2024,Monaco
67.0,0 days 00:01:16.276000,0 days 00:00:19.919000,0 days 00:00:35.947000,0 days 00:00:20.410000,HARD,16.0,76.276,19.919,35.947,20.41,VER,2024,Monaco
68.0,0 days 00:01:15.954000,0 days 00:00:19.716000,0 days 00:00:35.912000,0 days 00:00:20.326000,HARD,17.0,75.954,19.716,35.912,20.326,VER,2024,Monaco
69.0,0 days 00:01:15.463000,0 days 00:00:19.676000,0 days 00:00:35.698000,0 days 00:00:20.089000,HARD,18.0,75.463,19.676,35.698,20.089,VER,2024,Monaco
70.0,0 days 00:01:15.449000,0 days 00:00:19.665000,0 days 00:00:35.669000,0 days 00:00:20.115000,HARD,19.0,75.449,19.665,35.669,20.115,VER,2024,Monaco
71.0,0 days 00:01:15.659000,0 days 00:00:19.597000,0 days 00:00:35.787000,0 days 00:00:20.275000,HARD,20.0,75.659,19.597,35.787,20.275,VER,2024,Monaco
72.0,0 days 00:01:15.733000,0 days 00:00:19.687000,0 days 00:00:35.888000,0 days 00:00:20.158000,HARD,21.0,75.733,19.687,35.888,20.158,VER,2024,Monaco
73.0,0 days 00:01:15.436000,0 days 00:00:19.704000,0 days 00:00:35.700000,0 days 00:00:20.032000,HARD,22.0,75.436,19.704,35.7,20.032,VER,2024,Monaco
74.0,0 days 00:01:15.380000,0 days 00:00:19.602000,0 days 00:00:35.636000,0 days 00:00:20.142000,HARD,23.0,75.38,19.602,35.636,20.142,VER,2024,Monaco
75.0,0 days 00:01:15.396000,0 days 00:00:19.556000,0 days 00:00:35.638000,0 days 00:00:20.202000,HARD,24.0,75.396,19.556,35.638,20.202,VER,2024,Monaco
76.0,0 days 00:01:15.641000,0 days 00:00:19.673000,0 days 00:00:35.759000,0 days 00:00:20.209000,HARD,25.0,75.641,19.673,35.759,20.209,VER,2024,Monaco
77.0,0 days 00:01:15.543000,0 days 00:00:19.644000,0 days 00:00:35.818000,0 days 00:00:20.081000,HARD,26.0,75.543,19.644,35.818,20.081,VER,2024,Monaco
78.0,0 days 00:01:16.248000,0 days 00:00:19.697000,0 days 00:00:36.263000,0 days 00:00:20.288000,HARD,27.0,76.248,19.697,36.263,20.288,VER,2024,Monaco
9.0,0 days 00:01:20.114000,0 days 00:00:21.092000,0 days 00:00:37.612000,0 days 00:00:21.410000,HARD,8.0,80.114,21.092,37.612,21.41,LEC,2024,Monaco
12.0,0 days 00:01:20.252000,0 days 00:00:20.949000,0 days 00:00:37.730000,0 days 00:00:21.573000,HARD,11.0,80.252,20.949,37.73,21.573,LEC,2024,Monaco
13.0,0 days 00:01:19.017000,0 days 00:00:20.818000,0 days 00:00:36.898000,0 days 00:00:21.301000,HARD,12.0,79.017,20.818,36.898,21.301,LEC,2024,Monaco
14.0,0 days 00:01:19.913000,0 days 00:00:20.847000,0 days 00:00:38.003000,0 days 00:00:21.063000,HARD,13.0,79.913,20.847,38.003,21.063,LEC,2024,Monaco
15.0,0 days 00:01:19.838000,0 days 00:00:20.763000,0 days 00:00:37.770000,0 days 00:00:21.305000,HARD,14.0,79.838,20.763,37.77,21.305,LEC,2024,Monaco
16.0,0 days 00:01:20.156000,0 days 00:00:21.139000,0 days 00:00:37.516000,0 days 00:00:21.501000,HARD,15.0,80.156,21.139,37.516,21.501,LEC,2024,Monaco
17.0,0 days 00:01:20.279000,0 days 00:00:20.925000,0 days 00:00:37.498000,0 days 00:00:21.856000,HARD,16.0,80.279,20.925,37.498,21.856,LEC,2024,Monaco
18.0,0 days 00:01:19.580000,0 days 00:00:20.612000,0 days 00:00:37.578000,0 days 00:00:21.390000,HARD,17.0,79.58,20.612,37.578,21.39,LEC,2024,Monaco
19.0,0 days 00:01:18.842000,0 days 00:00:20.806000,0 days 00:00:36.890000,0 days 00:00:21.146000,HARD,18.0,78.842,20.806,36.89,21.146,LEC,2024,Monaco
20.0,0 days 00:01:18.724000,0 days 00:00:20.573000,0 days 00:00:37.018000,0 days 00:00:21.133000,HARD,19.0,78.724,20.573,37.018,21.133,LEC,2024,Monaco
21.0,0 days 00:01:18.472000,0 days 00:00:20.609000,0 days 00:00:36.874000,0 days 00:00:20.989000,HARD,20.0,78.472,20.609,36.874,20.989,LEC,2024,Monaco
22.0,0 days 00:01:18.620000,0 days 00:00:20.591000,0 days 00:00:37.004000,0 days 00:00:21.025000,HARD,21.0,78.62,20.591,37.004,21.025,LEC,2024,Monaco
23.0,0 days 00:01:18.458000,0 days 00:00:20.638000,0 days 00:00:36.755000,0 days 00:00:21.065000,HARD,22.0,78.458,20.638,36.755,21.065,LEC,2024,Monaco
24.0,0 days 00:01:18.725000,0 days 00:00:20.436000,0 days 00:00:37.261000,0 days 00:00:21.028000,HARD,23.0,78.725,20.436,37.261,21.028,LEC,2024,Monaco
25.0,0 days 00:01:18.973000,0 days 00:00:20.408000,0 days 00:00:37.435000,0 days 00:00:21.130000,HARD,24.0,78.973,20.408,37.435,21.13,LEC,2024,Monaco
26.0,0 days 00:01:18.445000,0 days 00:00:20.305000,0 days 00:00:37.048000,0 days 00:00:21.092000,HARD,25.0,78.445,20.305,37.048,21.092,LEC,2024,Monaco
27.0,0 days 00:01:18.351000,0 days 00:00:20.507000,0 days 00:00:36.769000,0 days 00:00:21.075000,HARD,26.0,78.351,20.507,36.769,21.075,LEC,2024,Monaco
28.0,0 days 00:01:18.710000,0 days 00:00:20.535000,0 days 00:00:37.208000,0 days 00:00:20.967000,HARD,27.0,78.71,20.535,37.208,20.967,LEC,2024,Monaco
29.0,0 days 00:01:19.053000,0 days 00:00:20.429000,0 days 00:00:37.312000,0 days 00:00:21.312000,HARD,28.0,79.053,20.429,37.312,21.312,LEC,2024,Monaco
30.0,0 days 00:01:19.935000,0 days 00:00:21.091000,0 days 00:00:37.380000,0 days 00:00:21.464000,HARD,29.0,79.935,21.091,37.38,21.464,LEC,2024,Monaco
31.0,0 days 00:01:18.393000,0 days 00:00:20.706000,0 days 00:00:36.687000,0 days 00:00:21,HARD,30.0,78.393,20.706,36.687,21.0,LEC,2024,Monaco
32.0,0 days 00:01:19.125000,0 days 00:00:20.483000,0 days 00:00:37.216000,0 days 00:00:21.426000,HARD,31.0,79.125,20.483,37.216,21.426,LEC,2024,Monaco
33.0,0 days 00:01:18.494000,0 days 00:00:20.510000,0 days 00:00:36.916000,0 days 00:00:21.068000,HARD,32.0,78.494,20.51,36.916,21.068,LEC,2024,Monaco
34.0,0 days 00:01:19.319000,0 days 00:00:20.412000,0 days 00:00:37.589000,0 days 00:00:21.318000,HARD,33.0,79.319,20.412,37.589,21.318,LEC,2024,Monaco
35.0,0 days 00:01:18.530000,0 days 00:00:20.503000,0 days 00:00:36.672000,0 days 00:00:21.355000,HARD,34.0,78.53,20.503,36.672,21.355,LEC,2024,Monaco
36.0,0 days 00:01:18.689000,0 days 00:00:20.697000,0 days 00:00:36.919000,0 days 00:00:21.073000,HARD,35.0,78.689,20.697,36.919,21.073,LEC,2024,Monaco
37.0,0 days 00:01:18.925000,0 days 00:00:21.082000,0 days 00:00:36.570000,0 days 00:00:21.273000,HARD,36.0,78.925,21.082,36.57,21.273,LEC,2024,Monaco
38.0,0 days 00:01:18.528000,0 days 00:00:20.612000,0 days 00:00:36.704000,0 days 00:00:21.212000,HARD,37.0,78.528,20.612,36.704,21.212,LEC,2024,Monaco
39.0,0 days 00:01:18.181000,0 days 00:00:20.815000,0 days 00:00:36.297000,0 days 00:00:21.069000,HARD,38.0,78.181,20.815,36.297,21.069,LEC,2024,Monaco
40.0,0 days 00:01:18.733000,0 days 00:00:20.538000,0 days 00:00:37.054000,0 days 00:00:21.141000,HARD,39.0,78.733,20.538,37.054,21.141,LEC,2024,Monaco
41.0,0 days 00:01:18.694000,0 days 00:00:20.486000,0 days 00:00:36.988000,0 days 00:00:21.220000,HARD,40.0,78.694,20.486,36.988,21.22,LEC,2024,Monaco
42.0,0 days 00:01:19.277000,0 days 00:00:20.683000,0 days 00:00:37.359000,0 days 00:00:21.235000,HARD,41.0,79.277,20.683,37.359,21.235,LEC,2024,Monaco
43.0,0 days 00:01:17.865000,0 days 00:00:20.293000,0 days 00:00:36.710000,0 days 00:00:20.862000,HARD,42.0,77.865,20.293,36.71,20.862,LEC,2024,Monaco
44.0,0 days 00:01:18.276000,0 days 00:00:20.687000,0 days 00:00:36.752000,0 days 00:00:20.837000,HARD,43.0,78.276,20.687,36.752,20.837,LEC,2024,Monaco
45.0,0 days 00:01:18.541000,0 days 00:00:20.582000,0 days 00:00:36.789000,0 days 00:00:21.170000,HARD,44.0,78.541,20.582,36.789,21.17,LEC,2024,Monaco
46.0,0 days 00:01:18.567000,0 days 00:00:20.600000,0 days 00:00:37.066000,0 days 00:00:20.901000,HARD,45.0,78.567,20.6,37.066,20.901,LEC,2024,Monaco
47.0,0 days 00:01:19.185000,0 days 00:00:20.506000,0 days 00:00:37.404000,0 days 00:00:21.275000,HARD,46.0,79.185,20.506,37.404,21.275,LEC,2024,Monaco
48.0,0 days 00:01:17.941000,0 days 00:00:20.379000,0 days 00:00:36.484000,0 days 00:00:21.078000,HARD,47.0,77.941,20.379,36.484,21.078,LEC,2024,Monaco
49.0,0 days 00:01:18.506000,0 days 00:00:20.674000,0 days 00:00:36.889000,0 days 00:00:20.943000,HARD,48.0,78.506,20.674,36.889,20.943,LEC,2024,Monaco
50.0,0 days 00:01:18.185000,0 days 00:00:20.293000,0 days 00:00:36.878000,0 days 00:00:21.014000,HARD,49.0,78.185,20.293,36.878,21.014,LEC,2024,Monaco
51.0,0 days 00:01:17.790000,0 days 00:00:20.269000,0 days 00:00:36.519000,0 days 00:00:21.002000,HARD,50.0,77.79,20.269,36.519,21.002,LEC,2024,Monaco
52.0,0 days 00:01:18.311000,0 days 00:00:20.381000,0 days 00:00:36.839000,0 days 00:00:21.091000,HARD,51.0,78.311,20.381,36.839,21.091,LEC,2024,Monaco
53.0,0 days 00:01:17.748000,0 days 00:00:20.319000,0 days 00:00:36.629000,0 days 00:00:20.800000,HARD,52.0,77.748,20.319,36.629,20.8,LEC,2024,Monaco
54.0,0 days 00:01:17.357000,0 days 00:00:20.182000,0 days 00:00:36.412000,0 days 00:00:20.763000,HARD,53.0,77.357,20.182,36.412,20.763,LEC,2024,Monaco
55.0,0 days 00:01:17.444000,0 days 00:00:20.377000,0 days 00:00:36.322000,0 days 00:00:20.745000,HARD,54.0,77.444,20.377,36.322,20.745,LEC,2024,Monaco
56.0,0 days 00:01:17.266000,0 days 00:00:20.173000,0 days 00:00:36.255000,0 days 00:00:20.838000,HARD,55.0,77.266,20.173,36.255,20.838,LEC,2024,Monaco
57.0,0 days 00:01:17.640000,0 days 00:00:20.132000,0 days 00:00:36.818000,0 days 00:00:20.690000,HARD,56.0,77.64,20.132,36.818,20.69,LEC,2024,Monaco
58.0,0 days 00:01:17.028000,0 days 00:00:20.246000,0 days 00:00:36.138000,0 days 00:00:20.644000,HARD,57.0,77.028,20.246,36.138,20.644,LEC,2024,Monaco
59.0,0 days 00:01:17.034000,0 days 00:00:20.420000,0 days 00:00:36.197000,0 days 00:00:20.417000,HARD,58.0,77.034,20.42,36.197,20.417,LEC,2024,Monaco
60.0,0 days 00:01:16.414000,0 days 00:00:19.989000,0 days 00:00:36.033000,0 days 00:00:20.392000,HARD,59.0,76.414,19.989,36.033,20.392,LEC,2024,Monaco
61.0,0 days 00:01:16.863000,0 days 00:00:20.047000,0 days 00:00:36.432000,0 days 00:00:20.384000,HARD,60.0,76.863,20.047,36.432,20.384,LEC,2024,Monaco
62.0,0 days 00:01:17.454000,0 days 00:00:20.116000,0 days 00:00:36.443000,0 days 00:00:20.895000,HARD,61.0,77.454,20.116,36.443,20.895,LEC,2024,Monaco
63.0,0 days 00:01:16.971000,0 days 00:00:20.095000,0 days 00:00:36.187000,0 days 00:00:20.689000,HARD,62.0,76.971,20.095,36.187,20.689,LEC,2024,Monaco
64.0,0 days 00:01:16.560000,0 days 00:00:19.996000,0 days 00:00:35.953000,0 days 00:00:20.611000,HARD,63.0,76.56,19.996,35.953,20.611,LEC,2024,Monaco
65.0,0 days 00:01:16.607000,0 days 00:00:20.094000,0 days 00:00:35.912000,0 days 00:00:20.601000,HARD,64.0,76.607,20.094,35.912,20.601,LEC,2024,Monaco
66.0,0 days 00:01:16.489000,0 days 00:00:20.092000,0 days 00:00:36.050000,0 days 00:00:20.347000,HARD,65.0,76.489,20.092,36.05,20.347,LEC,2024,Monaco
67.0,0 days 00:01:15.941000,0 days 00:00:19.908000,0 days 00:00:35.718000,0 days 00:00:20.315000,HARD,66.0,75.941,19.908,35.718,20.315,LEC,2024,Monaco
68.0,0 days 00:01:16.082000,0 days 00:00:19.824000,0 days 00:00:35.719000,0 days 00:00:20.539000,HARD,67.0,76.082,19.824,35.719,20.539,LEC,2024,Monaco
69.0,0 days 00:01:16.373000,0 days 00:00:20.074000,0 days 00:00:35.848000,0 days 00:00:20.451000,HARD,68.0,76.373,20.074,35.848,20.451,LEC,2024,Monaco
70.0,0 days 00:01:15.767000,0 days 00:00:19.928000,0 days 00:00:35.516000,0 days 00:00:20.323000,HARD,69.0,75.767,19.928,35.516,20.323,LEC,2024,Monaco
71.0,0 days 00:01:15.162000,0 days 00:00:19.719000,0 days 00:00:35.501000,0 days 00:00:19.942000,HARD,70.0,75.162,19.719,35.501,19.942,LEC,2024,Monaco
72.0,0 days 00:01:15.547000,0 days 00:00:19.716000,0 days 00:00:35.511000,0 days 00:00:20.320000,HARD,71.0,75.547,19.716,35.511,20.32,LEC,2024,Monaco
73.0,0 days 00:01:16.219000,0 days 00:00:19.958000,0 days 00:00:35.883000,0 days 00:00:20.378000,HARD,72.0,76.219,19.958,35.883,20.378,LEC,2024,Monaco
74.0,0 days 00:01:16.105000,0 days 00:00:19.924000,0 days 00:00:35.853000,0 days 00:00:20.328000,HARD,73.0,76.105,19.924,35.853,20.328,LEC,2024,Monaco
75.0,0 days 00:01:16.387000,0 days 00:00:19.840000,0 days 00:00:36.038000,0 days 00:00:20.509000,HARD,74.0,76.387,19.84,36.038,20.509,LEC,2024,Monaco
76.0,0 days 00:01:16.808000,0 days 00:00:20.175000,0 days 00:00:36.346000,0 days 00:00:20.287000,HARD,75.0,76.808,20.175,36.346,20.287,LEC,2024,Monaco
77.0,0 days 00:01:16.933000,0 days 00:00:20.067000,0 days 00:00:36.196000,0 days 00:00:20.670000,HARD,76.0,76.933,20.067,36.196,20.67,LEC,2024,Monaco
78.0,0 days 00:01:18.636000,0 days 00:00:20.278000,0 days 00:00:36.319000,0 days 00:00:22.039000,HARD,77.0,78.636,20.278,36.319,22.039,LEC,2024,Monaco
23.0,0 days 00:01:19.089000,0 days 00:00:21.281000,0 days 00:00:36.887000,0 days 00:00:20.921000,MEDIUM,22.0,79.089,21.281,36.887,20.921,HAM,2024,Monaco
24.0,0 days 00:01:18.785000,0 days 00:00:20.850000,0 days 00:00:36.635000,0 days 00:00:21.300000,MEDIUM,23.0,78.785,20.85,36.635,21.3,HAM,2024,Monaco
25.0,0 days 00:01:19.342000,0 days 00:00:21.045000,0 days 00:00:36.894000,0 days 00:00:21.403000,MEDIUM,24.0,79.342,21.045,36.894,21.403,HAM,2024,Monaco
27.0,0 days 00:01:18.549000,0 days 00:00:20.906000,0 days 00:00:36.554000,0 days 00:00:21.089000,MEDIUM,26.0,78.549,20.906,36.554,21.089,HAM,2024,Monaco
28.0,0 days 00:01:18.587000,0 days 00:00:21.112000,0 days 00:00:36.631000,0 days 00:00:20.844000,MEDIUM,27.0,78.587,21.112,36.631,20.844,HAM,2024,Monaco
29.0,0 days 00:01:18.940000,0 days 00:00:21.157000,0 days 00:00:36.794000,0 days 00:00:20.989000,MEDIUM,28.0,78.94,21.157,36.794,20.989,HAM,2024,Monaco
30.0,0 days 00:01:18.371000,0 days 00:00:20.782000,0 days 00:00:36.586000,0 days 00:00:21.003000,MEDIUM,29.0,78.371,20.782,36.586,21.003,HAM,2024,Monaco
31.0,0 days 00:01:18.471000,0 days 00:00:21.051000,0 days 00:00:36.534000,0 days 00:00:20.886000,MEDIUM,30.0,78.471,21.051,36.534,20.886,HAM,2024,Monaco
32.0,0 days 00:01:18.618000,0 days 00:00:20.974000,0 days 00:00:36.599000,0 days 00:00:21.045000,MEDIUM,31.0,78.618,20.974,36.599,21.045,HAM,2024,Monaco
33.0,0 days 00:01:18.746000,0 days 00:00:20.940000,0 days 00:00:36.588000,0 days 00:00:21.218000,MEDIUM,32.0,78.746,20.94,36.588,21.218,HAM,2024,Monaco
34.0,0 days 00:01:18.860000,0 days 00:00:21.143000,0 days 00:00:36.668000,0 days 00:00:21.049000,MEDIUM,33.0,78.86,21.143,36.668,21.049,HAM,2024,Monaco
37.0,0 days 00:01:18.605000,0 days 00:00:21.010000,0 days 00:00:36.681000,0 days 00:00:20.914000,MEDIUM,36.0,78.605,21.01,36.681,20.914,HAM,2024,Monaco
39.0,0 days 00:01:18.943000,0 days 00:00:20.953000,0 days 00:00:36.947000,0 days 00:00:21.043000,MEDIUM,38.0,78.943,20.953,36.947,21.043,HAM,2024,Monaco
40.0,0 days 00:01:18.673000,0 days 00:00:20.940000,0 days 00:00:36.732000,0 days 00:00:21.001000,MEDIUM,39.0,78.673,20.94,36.732,21.001,HAM,2024,Monaco
41.0,0 days 00:01:18.946000,0 days 00:00:21.003000,0 days 00:00:36.721000,0 days 00:00:21.222000,MEDIUM,40.0,78.946,21.003,36.721,21.222,HAM,2024,Monaco
42.0,0 days 00:01:17.542000,0 days 00:00:20.703000,0 days 00:00:36.110000,0 days 00:00:20.729000,MEDIUM,41.0,77.542,20.703,36.11,20.729,HAM,2024,Monaco
43.0,0 days 00:01:17.867000,0 days 00:00:20.754000,0 days 00:00:36.418000,0 days 00:00:20.695000,MEDIUM,42.0,77.867,20.754,36.418,20.695,HAM,2024,Monaco
44.0,0 days 00:01:18.225000,0 days 00:00:20.803000,0 days 00:00:36.511000,0 days 00:00:20.911000,MEDIUM,43.0,78.225,20.803,36.511,20.911,HAM,2024,Monaco
45.0,0 days 00:01:18.156000,0 days 00:00:20.583000,0 days 00:00:36.597000,0 days 00:00:20.976000,MEDIUM,44.0,78.156,20.583,36.597,20.976,HAM,2024,Monaco
46.0,0 days 00:01:18.104000,0 days 00:00:20.745000,0 days 00:00:36.466000,0 days 00:00:20.893000,MEDIUM,45.0,78.104,20.745,36.466,20.893,HAM,2024,Monaco
47.0,0 days 00:01:18.331000,0 days 00:00:20.748000,0 days 00:00:36.783000,0 days 00:00:20.800000,MEDIUM,46.0,78.331,20.748,36.783,20.8,HAM,2024,Monaco
48.0,0 days 00:01:17.831000,0 days 00:00:20.802000,0 days 00:00:36.424000,0 days 00:00:20.605000,MEDIUM,47.0,77.831,20.802,36.424,20.605,HAM,2024,Monaco
49.0,0 days 00:01:17.398000,0 days 00:00:20.468000,0 days 00:00:36.146000,0 days 00:00:20.784000,MEDIUM,48.0,77.398,20.468,36.146,20.784,HAM,2024,Monaco
50.0,0 days 00:01:18.461000,0 days 00:00:20.737000,0 days 00:00:36.831000,0 days 00:00:20.893000,MEDIUM,49.0,78.461,20.737,36.831,20.893,HAM,2024,Monaco
53.0,0 days 00:01:16.458000,0 days 00:00:20.151000,0 days 00:00:35.889000,0 days 00:00:20.418000,HARD,3.0,76.458,20.151,35.889,20.418,HAM,2024,Monaco
54.0,0 days 00:01:16.388000,0 days 00:00:20.026000,0 days 00:00:35.636000,0 days 00:00:20.726000,HARD,4.0,76.388,20.026,35.636,20.726,HAM,2024,Monaco
55.0,0 days 00:01:16.492000,0 days 00:00:20.727000,0 days 00:00:35.648000,0 days 00:00:20.117000,HARD,5.0,76.492,20.727,35.648,20.117,HAM,2024,Monaco
56.0,0 days 00:01:14.423000,0 days 00:00:19.485000,0 days 00:00:35.057000,0 days 00:00:19.881000,HARD,6.0,74.423,19.485,35.057,19.881,HAM,2024,Monaco
57.0,0 days 00:01:17.857000,0 days 00:00:20.896000,0 days 00:00:36.389000,0 days 00:00:20.572000,HARD,7.0,77.857,20.896,36.389,20.572,HAM,2024,Monaco
58.0,0 days 00:01:16.855000,0 days 00:00:20.302000,0 days 00:00:36.102000,0 days 00:00:20.451000,HARD,8.0,76.855,20.302,36.102,20.451,HAM,2024,Monaco
59.0,0 days 00:01:14.204000,0 days 00:00:19.662000,0 days 00:00:34.842000,0 days 00:00:19.700000,HARD,9.0,74.204,19.662,34.842,19.7,HAM,2024,Monaco
60.0,0 days 00:01:15.848000,0 days 00:00:20.036000,0 days 00:00:35.591000,0 days 00:00:20.221000,HARD,10.0,75.848,20.036,35.591,20.221,HAM,2024,Monaco
61.0,0 days 00:01:15.274000,0 days 00:00:19.975000,0 days 00:00:35.321000,0 days 00:00:19.978000,HARD,11.0,75.274,19.975,35.321,19.978,HAM,2024,Monaco
62.0,0 days 00:01:15.414000,0 days 00:00:19.845000,0 days 00:00:35.580000,0 days 00:00:19.989000,HARD,12.0,75.414,19.845,35.58,19.989,HAM,2024,Monaco
63.0,0 days 00:01:14.165000,0 days 00:00:19.548000,0 days 00:00:34.854000,0 days 00:00:19.763000,HARD,13.0,74.165,19.548,34.854,19.763,HAM,2024,Monaco
64.0,0 days 00:01:16.164000,0 days 00:00:20.070000,0 days 00:00:35.964000,0 days 00:00:20.130000,HARD,14.0,76.164,20.07,35.964,20.13,HAM,2024,Monaco
65.0,0 days 00:01:15.190000,0 days 00:00:19.749000,0 days 00:00:35.463000,0 days 00:00:19.978000,HARD,15.0,75.19,19.749,35.463,19.978,HAM,2024,Monaco
66.0,0 days 00:01:15.342000,0 days 00:00:19.790000,0 days 00:00:35.241000,0 days 00:00:20.311000,HARD,16.0,75.342,19.79,35.241,20.311,HAM,2024,Monaco
67.0,0 days 00:01:16.117000,0 days 00:00:20.133000,0 days 00:00:35.744000,0 days 00:00:20.240000,HARD,17.0,76.117,20.133,35.744,20.24,HAM,2024,Monaco
68.0,0 days 00:01:15.836000,0 days 00:00:19.970000,0 days 00:00:35.592000,0 days 00:00:20.274000,HARD,18.0,75.836,19.97,35.592,20.274,HAM,2024,Monaco
69.0,0 days 00:01:15.648000,0 days 00:00:19.914000,0 days 00:00:35.491000,0 days 00:00:20.243000,HARD,19.0,75.648,19.914,35.491,20.243,HAM,2024,Monaco
70.0,0 days 00:01:15.638000,0 days 00:00:19.925000,0 days 00:00:35.469000,0 days 00:00:20.244000,HARD,20.0,75.638,19.925,35.469,20.244,HAM,2024,Monaco
71.0,0 days 00:01:15.643000,0 days 00:00:19.857000,0 days 00:00:35.584000,0 days 00:00:20.202000,HARD,21.0,75.643,19.857,35.584,20.202,HAM,2024,Monaco
72.0,0 days 00:01:15.468000,0 days 00:00:19.801000,0 days 00:00:35.562000,0 days 00:00:20.105000,HARD,22.0,75.468,19.801,35.562,20.105,HAM,2024,Monaco
73.0,0 days 00:01:15.134000,0 days 00:00:19.609000,0 days 00:00:35.432000,0 days 00:00:20.093000,HARD,23.0,75.134,19.609,35.432,20.093,HAM,2024,Monaco
74.0,0 days 00:01:15.324000,0 days 00:00:19.761000,0 days 00:00:35.473000,0 days 00:00:20.090000,HARD,24.0,75.324,19.761,35.473,20.09,HAM,2024,Monaco
75.0,0 days 00:01:15.324000,0 days 00:00:19.645000,0 days 00:00:35.508000,0 days 00:00:20.171000,HARD,25.0,75.324,19.645,35.508,20.171,HAM,2024,Monaco
76.0,0 days 00:01:15.245000,0 days 00:00:19.676000,0 days 00:00:35.493000,0 days 00:00:20.076000,HARD,26.0,75.245,19.676,35.493,20.076,HAM,2024,Monaco
77.0,0 days 00:01:15.697000,0 days 00:00:19.854000,0 days 00:00:35.590000,0 days 00:00:20.253000,HARD,27.0,75.697,19.854,35.59,20.253,HAM,2024,Monaco
78.0,0 days 00:01:16.355000,0 days 00:00:19.818000,0 days 00:00:35.947000,0 days 00:00:20.590000,HARD,28.0,76.355,19.818,35.947,20.59,HAM,2024,Monaco
7.0,0 days 00:01:20.828000,0 days 00:00:21.045000,0 days 00:00:37.917000,0 days 00:00:21.866000,HARD,7.0,80.828,21.045,37.917,21.866,NOR,2024,Monaco
8.0,0 days 00:01:20.820000,0 days 00:00:21.342000,0 days 00:00:37.851000,0 days 00:00:21.627000,HARD,8.0,80.82,21.342,37.851,21.627,NOR,2024,Monaco
9.0,0 days 00:01:20.397000,0 days 00:00:20.935000,0 days 00:00:37.902000,0 days 00:00:21.560000,HARD,9.0,80.397,20.935,37.902,21.56,NOR,2024,Monaco
10.0,0 days 00:01:20.972000,0 days 00:00:21.081000,0 days 00:00:37.960000,0 days 00:00:21.931000,HARD,10.0,80.972,21.081,37.96,21.931,NOR,2024,Monaco
11.0,0 days 00:01:20.870000,0 days 00:00:21.308000,0 days 00:00:37.856000,0 days 00:00:21.706000,HARD,11.0,80.87,21.308,37.856,21.706,NOR,2024,Monaco
12.0,0 days 00:01:19.933000,0 days 00:00:20.747000,0 days 00:00:37.678000,0 days 00:00:21.508000,HARD,12.0,79.933,20.747,37.678,21.508,NOR,2024,Monaco
13.0,0 days 00:01:19.820000,0 days 00:00:20.879000,0 days 00:00:37.484000,0 days 00:00:21.457000,HARD,13.0,79.82,20.879,37.484,21.457,NOR,2024,Monaco
14.0,0 days 00:01:19.385000,0 days 00:00:20.774000,0 days 00:00:37.244000,0 days 00:00:21.367000,HARD,14.0,79.385,20.774,37.244,21.367,NOR,2024,Monaco
15.0,0 days 00:01:19.775000,0 days 00:00:20.813000,0 days 00:00:37.537000,0 days 00:00:21.425000,HARD,15.0,79.775,20.813,37.537,21.425,NOR,2024,Monaco
16.0,0 days 00:01:19.637000,0 days 00:00:20.805000,0 days 00:00:37.435000,0 days 00:00:21.397000,HARD,16.0,79.637,20.805,37.435,21.397,NOR,2024,Monaco
17.0,0 days 00:01:20.337000,0 days 00:00:20.956000,0 days 00:00:37.623000,0 days 00:00:21.758000,HARD,17.0,80.337,20.956,37.623,21.758,NOR,2024,Monaco
18.0,0 days 00:01:19.398000,0 days 00:00:20.673000,0 days 00:00:37.371000,0 days 00:00:21.354000,HARD,18.0,79.398,20.673,37.371,21.354,NOR,2024,Monaco
19.0,0 days 00:01:19.280000,0 days 00:00:21.015000,0 days 00:00:37.162000,0 days 00:00:21.103000,HARD,19.0,79.28,21.015,37.162,21.103,NOR,2024,Monaco
20.0,0 days 00:01:19.043000,0 days 00:00:20.623000,0 days 00:00:37.094000,0 days 00:00:21.326000,HARD,20.0,79.043,20.623,37.094,21.326,NOR,2024,Monaco
21.0,0 days 00:01:18.983000,0 days 00:00:20.637000,0 days 00:00:37.096000,0 days 00:00:21.250000,HARD,21.0,78.983,20.637,37.096,21.25,NOR,2024,Monaco
22.0,0 days 00:01:18.981000,0 days 00:00:20.655000,0 days 00:00:37.155000,0 days 00:00:21.171000,HARD,22.0,78.981,20.655,37.155,21.171,NOR,2024,Monaco
23.0,0 days 00:01:19.194000,0 days 00:00:20.562000,0 days 00:00:37.375000,0 days 00:00:21.257000,HARD,23.0,79.194,20.562,37.375,21.257,NOR,2024,Monaco
24.0,0 days 00:01:18.699000,0 days 00:00:20.670000,0 days 00:00:37.148000,0 days 00:00:20.881000,HARD,24.0,78.699,20.67,37.148,20.881,NOR,2024,Monaco
25.0,0 days 00:01:18.640000,0 days 00:00:20.520000,0 days 00:00:37.044000,0 days 00:00:21.076000,HARD,25.0,78.64,20.52,37.044,21.076,NOR,2024,Monaco
26.0,0 days 00:01:18.396000,0 days 00:00:20.574000,0 days 00:00:36.881000,0 days 00:00:20.941000,HARD,26.0,78.396,20.574,36.881,20.941,NOR,2024,Monaco
27.0,0 days 00:01:18.720000,0 days 00:00:20.559000,0 days 00:00:37.023000,0 days 00:00:21.138000,HARD,27.0,78.72,20.559,37.023,21.138,NOR,2024,Monaco
28.0,0 days 00:01:19.238000,0 days 00:00:20.840000,0 days 00:00:37.076000,0 days 00:00:21.322000,HARD,28.0,79.238,20.84,37.076,21.322,NOR,2024,Monaco
29.0,0 days 00:01:18.766000,0 days 00:00:20.681000,0 days 00:00:37.135000,0 days 00:00:20.950000,HARD,29.0,78.766,20.681,37.135,20.95,NOR,2024,Monaco
30.0,0 days 00:01:18.403000,0 days 00:00:20.443000,0 days 00:00:36.930000,0 days 00:00:21.030000,HARD,30.0,78.403,20.443,36.93,21.03,NOR,2024,Monaco
31.0,0 days 00:01:18.780000,0 days 00:00:20.564000,0 days 00:00:36.989000,0 days 00:00:21.227000,HARD,31.0,78.78,20.564,36.989,21.227,NOR,2024,Monaco
32.0,0 days 00:01:19.538000,0 days 00:00:20.794000,0 days 00:00:37.452000,0 days 00:00:21.292000,HARD,32.0,79.538,20.794,37.452,21.292,NOR,2024,Monaco
33.0,0 days 00:01:19.233000,0 days 00:00:20.787000,0 days 00:00:37.216000,0 days 00:00:21.230000,HARD,33.0,79.233,20.787,37.216,21.23,NOR,2024,Monaco
34.0,0 days 00:01:19.243000,0 days 00:00:20.654000,0 days 00:00:37.460000,0 days 00:00:21.129000,HARD,34.0,79.243,20.654,37.46,21.129,NOR,2024,Monaco
35.0,0 days 00:01:18.714000,0 days 00:00:20.645000,0 days 00:00:37.042000,0 days 00:00:21.027000,HARD,35.0,78.714,20.645,37.042,21.027,NOR,2024,Monaco
36.0,0 days 00:01:18.582000,0 days 00:00:20.515000,0 days 00:00:36.884000,0 days 00:00:21.183000,HARD,36.0,78.582,20.515,36.884,21.183,NOR,2024,Monaco
37.0,0 days 00:01:17.958000,0 days 00:00:20.529000,0 days 00:00:36.582000,0 days 00:00:20.847000,HARD,37.0,77.958,20.529,36.582,20.847,NOR,2024,Monaco
38.0,0 days 00:01:17.994000,0 days 00:00:20.448000,0 days 00:00:36.698000,0 days 00:00:20.848000,HARD,38.0,77.994,20.448,36.698,20.848,NOR,2024,Monaco
39.0,0 days 00:01:18.303000,0 days 00:00:20.503000,0 days 00:00:36.943000,0 days 00:00:20.857000,HARD,39.0,78.303,20.503,36.943,20.857,NOR,2024,Monaco
40.0,0 days 00:01:18.824000,0 days 00:00:20.624000,0 days 00:00:37.212000,0 days 00:00:20.988000,HARD,40.0,78.824,20.624,37.212,20.988,NOR,2024,Monaco
41.0,0 days 00:01:18.519000,0 days 00:00:20.620000,0 days 00:00:36.852000,0 days 00:00:21.047000,HARD,41.0,78.519,20.62,36.852,21.047,NOR,2024,Monaco
42.0,0 days 00:01:19.436000,0 days 00:00:20.641000,0 days 00:00:37.424000,0 days 00:00:21.371000,HARD,42.0,79.436,20.641,37.424,21.371,NOR,2024,Monaco
43.0,0 days 00:01:19.796000,0 days 00:00:21.634000,0 days 00:00:37.118000,0 days 00:00:21.044000,HARD,43.0,79.796,21.634,37.118,21.044,NOR,2024,Monaco
44.0,0 days 00:01:18.906000,0 days 00:00:20.681000,0 days 00:00:37.207000,0 days 00:00:21.018000,HARD,44.0,78.906,20.681,37.207,21.018,NOR,2024,Monaco
45.0,0 days 00:01:17.897000,0 days 00:00:20.452000,0 days 00:00:36.759000,0 days 00:00:20.686000,HARD,45.0,77.897,20.452,36.759,20.686,NOR,2024,Monaco
46.0,0 days 00:01:18.215000,0 days 00:00:20.386000,0 days 00:00:36.887000,0 days 00:00:20.942000,HARD,46.0,78.215,20.386,36.887,20.942,NOR,2024,Monaco
47.0,0 days 00:01:18.141000,0 days 00:00:20.326000,0 days 00:00:36.968000,0 days 00:00:20.847000,HARD,47.0,78.141,20.326,36.968,20.847,NOR,2024,Monaco
48.0,0 days 00:01:17.975000,0 days 00:00:20.359000,0 days 00:00:36.876000,0 days 00:00:20.740000,HARD,48.0,77.975,20.359,36.876,20.74,NOR,2024,Monaco
49.0,0 days 00:01:18.177000,0 days 00:00:20.308000,0 days 00:00:36.873000,0 days 00:00:20.996000,HARD,49.0,78.177,20.308,36.873,20.996,NOR,2024,Monaco
50.0,0 days 00:01:18.218000,0 days 00:00:20.358000,0 days 00:00:36.795000,0 days 00:00:21.065000,HARD,50.0,78.218,20.358,36.795,21.065,NOR,2024,Monaco
51.0,0 days 00:01:17.772000,0 days 00:00:20.602000,0 days 00:00:36.511000,0 days 00:00:20.659000,HARD,51.0,77.772,20.602,36.511,20.659,NOR,2024,Monaco
52.0,0 days 00:01:18.223000,0 days 00:00:20.309000,0 days 00:00:36.901000,0 days 00:00:21.013000,HARD,52.0,78.223,20.309,36.901,21.013,NOR,2024,Monaco
53.0,0 days 00:01:17.570000,0 days 00:00:20.228000,0 days 00:00:36.625000,0 days 00:00:20.717000,HARD,53.0,77.57,20.228,36.625,20.717,NOR,2024,Monaco
54.0,0 days 00:01:17.838000,0 days 00:00:20.436000,0 days 00:00:36.848000,0 days 00:00:20.554000,HARD,54.0,77.838,20.436,36.848,20.554,NOR,2024,Monaco
55.0,0 days 00:01:18.382000,0 days 00:00:20.468000,0 days 00:00:36.569000,0 days 00:00:21.345000,HARD,55.0,78.382,20.468,36.569,21.345,NOR,2024,Monaco
56.0,0 days 00:01:18.155000,0 days 00:00:20.564000,0 days 00:00:36.639000,0 days 00:00:20.952000,HARD,56.0,78.155,20.564,36.639,20.952,NOR,2024,Monaco
57.0,0 days 00:01:17.815000,0 days 00:00:20.436000,0 days 00:00:36.710000,0 days 00:00:20.669000,HARD,57.0,77.815,20.436,36.71,20.669,NOR,2024,Monaco
58.0,0 days 00:01:17.395000,0 days 00:00:20.149000,0 days 00:00:36.565000,0 days 00:00:20.681000,HARD,58.0,77.395,20.149,36.565,20.681,NOR,2024,Monaco
59.0,0 days 00:01:17.122000,0 days 00:00:20.101000,0 days 00:00:36.446000,0 days 00:00:20.575000,HARD,59.0,77.122,20.101,36.446,20.575,NOR,2024,Monaco
60.0,0 days 00:01:16.695000,0 days 00:00:20.115000,0 days 00:00:36.273000,0 days 00:00:20.307000,HARD,60.0,76.695,20.115,36.273,20.307,NOR,2024,Monaco
61.0,0 days 00:01:17.614000,0 days 00:00:20.212000,0 days 00:00:36.655000,0 days 00:00:20.747000,HARD,61.0,77.614,20.212,36.655,20.747,NOR,2024,Monaco
62.0,0 days 00:01:16.026000,0 days 00:00:20.070000,0 days 00:00:35.877000,0 days 00:00:20.079000,HARD,62.0,76.026,20.07,35.877,20.079,NOR,2024,Monaco
63.0,0 days 00:01:16.876000,0 days 00:00:19.861000,0 days 00:00:36.420000,0 days 00:00:20.595000,HARD,63.0,76.876,19.861,36.42,20.595,NOR,2024,Monaco
64.0,0 days 00:01:15.742000,0 days 00:00:19.893000,0 days 00:00:35.837000,0 days 00:00:20.012000,HARD,64.0,75.742,19.893,35.837,20.012,NOR,2024,Monaco
65.0,0 days 00:01:17.143000,0 days 00:00:20.020000,0 days 00:00:36.521000,0 days 00:00:20.602000,HARD,65.0,77.143,20.02,36.521,20.602,NOR,2024,Monaco
66.0,0 days 00:01:16.214000,0 days 00:00:19.996000,0 days 00:00:36.010000,0 days 00:00:20.208000,HARD,66.0,76.214,19.996,36.01,20.208,NOR,2024,Monaco
67.0,0 days 00:01:16.115000,0 days 00:00:19.815000,0 days 00:00:35.946000,0 days 00:00:20.354000,HARD,67.0,76.115,19.815,35.946,20.354,NOR,2024,Monaco
68.0,0 days 00:01:16.172000,0 days 00:00:19.939000,0 days 00:00:35.981000,0 days 00:00:20.252000,HARD,68.0,76.172,19.939,35.981,20.252,NOR,2024,Monaco
69.0,0 days 00:01:16.314000,0 days 00:00:19.811000,0 days 00:00:36.121000,0 days 00:00:20.382000,HARD,69.0,76.314,19.811,36.121,20.382,NOR,2024,Monaco
70.0,0 days 00:01:17.213000,0 days 00:00:20.769000,0 days 00:00:36.312000,0 days 00:00:20.132000,HARD,70.0,77.213,20.769,36.312,20.132,NOR,2024,Monaco
71.0,0 days 00:01:16.609000,0 days 00:00:19.882000,0 days 00:00:36.249000,0 days 00:00:20.478000,HARD,71.0,76.609,19.882,36.249,20.478,NOR,2024,Monaco
72.0,0 days 00:01:16.801000,0 days 00:00:20.136000,0 days 00:00:36.204000,0 days 00:00:20.461000,HARD,72.0,76.801,20.136,36.204,20.461,NOR,2024,Monaco
73.0,0 days 00:01:16.285000,0 days 00:00:19.895000,0 days 00:00:35.987000,0 days 00:00:20.403000,HARD,73.0,76.285,19.895,35.987,20.403,NOR,2024,Monaco
74.0,0 days 00:01:16.429000,0 days 00:00:19.859000,0 days 00:00:36.285000,0 days 00:00:20.285000,HARD,74.0,76.429,19.859,36.285,20.285,NOR,2024,Monaco
75.0,0 days 00:01:16.517000,0 days 00:00:19.886000,0 days 00:00:36.194000,0 days 00:00:20.437000,HARD,75.0,76.517,19.886,36.194,20.437,NOR,2024,Monaco
76.0,0 days 00:01:16.671000,0 days 00:00:19.986000,0 days 00:00:36.421000,0 days 00:00:20.264000,HARD,76.0,76.671,19.986,36.421,20.264,NOR,2024,Monaco
77.0,0 days 00:01:16.512000,0 days 00:00:19.842000,0 days 00:00:36.153000,0 days 00:00:20.517000,HARD,77.0,76.512,19.842,36.153,20.517,NOR,2024,Monaco
78.0,0 days 00:01:17.296000,0 days 00:00:20.080000,0 days 00:00:36.740000,0 days 00:00:20.476000,HARD,78.0,77.296,20.08,36.74,20.476,NOR,2024,Monaco
14.0,0 days 00:01:19.480000,0 days 00:00:20.800000,0 days 00:00:36.990000,0 days 00:00:21.690000,HARD,13.0,79.48,20.8,36.99,21.69,SAI,2024,Monaco
15.0,0 days 00:01:19.543000,0 days 00:00:21.023000,0 days 00:00:37.364000,0 days 00:00:21.156000,HARD,14.0,79.543,21.023,37.364,21.156,SAI,2024,Monaco
18.0,0 days 00:01:19.177000,0 days 00:00:20.684000,0 days 00:00:37.263000,0 days 00:00:21.230000,HARD,17.0,79.177,20.684,37.263,21.23,SAI,2024,Monaco
19.0,0 days 00:01:19.445000,0 days 00:00:20.957000,0 days 00:00:37.056000,0 days 00:00:21.432000,HARD,18.0,79.445,20.957,37.056,21.432,SAI,2024,Monaco
20.0,0 days 00:01:19.403000,0 days 00:00:20.741000,0 days 00:00:37.525000,0 days 00:00:21.137000,HARD,19.0,79.403,20.741,37.525,21.137,SAI,2024,Monaco
21.0,0 days 00:01:18.917000,0 days 00:00:20.528000,0 days 00:00:36.940000,0 days 00:00:21.449000,HARD,20.0,78.917,20.528,36.94,21.449,SAI,2024,Monaco
22.0,0 days 00:01:18.889000,0 days 00:00:20.713000,0 days 00:00:37.007000,0 days 00:00:21.169000,HARD,21.0,78.889,20.713,37.007,21.169,SAI,2024,Monaco
23.0,0 days 00:01:18.993000,0 days 00:00:20.638000,0 days 00:00:37.196000,0 days 00:00:21.159000,HARD,22.0,78.993,20.638,37.196,21.159,SAI,2024,Monaco
24.0,0 days 00:01:18.568000,0 days 00:00:20.629000,0 days 00:00:36.995000,0 days 00:00:20.944000,HARD,23.0,78.568,20.629,36.995,20.944,SAI,2024,Monaco
25.0,0 days 00:01:18.537000,0 days 00:00:20.608000,0 days 00:00:37.018000,0 days 00:00:20.911000,HARD,24.0,78.537,20.608,37.018,20.911,SAI,2024,Monaco
26.0,0 days 00:01:18.088000,0 days 00:00:20.525000,0 days 00:00:36.807000,0 days 00:00:20.756000,HARD,25.0,78.088,20.525,36.807,20.756,SAI,2024,Monaco
27.0,0 days 00:01:19.490000,0 days 00:00:20.585000,0 days 00:00:37.474000,0 days 00:00:21.431000,HARD,26.0,79.49,20.585,37.474,21.431,SAI,2024,Monaco
28.0,0 days 00:01:19.281000,0 days 00:00:20.863000,0 days 00:00:37.361000,0 days 00:00:21.057000,HARD,27.0,79.281,20.863,37.361,21.057,SAI,2024,Monaco
29.0,0 days 00:01:18.697000,0 days 00:00:20.751000,0 days 00:00:37.079000,0 days 00:00:20.867000,HARD,28.0,78.697,20.751,37.079,20.867,SAI,2024,Monaco
30.0,0 days 00:01:17.326000,0 days 00:00:20.109000,0 days 00:00:36.543000,0 days 00:00:20.674000,HARD,29.0,77.326,20.109,36.543,20.674,SAI,2024,Monaco
31.0,0 days 00:01:19.784000,0 days 00:00:20.766000,0 days 00:00:37.403000,0 days 00:00:21.615000,HARD,30.0,79.784,20.766,37.403,21.615,SAI,2024,Monaco
33.0,0 days 00:01:18.778000,0 days 00:00:20.462000,0 days 00:00:37.043000,0 days 00:00:21.273000,HARD,32.0,78.778,20.462,37.043,21.273,SAI,2024,Monaco
34.0,0 days 00:01:19.013000,0 days 00:00:20.661000,0 days 00:00:37.348000,0 days 00:00:21.004000,HARD,33.0,79.013,20.661,37.348,21.004,SAI,2024,Monaco
35.0,0 days 00:01:18.465000,0 days 00:00:20.407000,0 days 00:00:36.937000,0 days 00:00:21.121000,HARD,34.0,78.465,20.407,36.937,21.121,SAI,2024,Monaco
36.0,0 days 00:01:19.275000,0 days 00:00:20.650000,0 days 00:00:37.435000,0 days 00:00:21.190000,HARD,35.0,79.275,20.65,37.435,21.19,SAI,2024,Monaco
37.0,0 days 00:01:17.577000,0 days 00:00:20.308000,0 days 00:00:36.536000,0 days 00:00:20.733000,HARD,36.0,77.577,20.308,36.536,20.733,SAI,2024,Monaco
38.0,0 days 00:01:18.412000,0 days 00:00:20.426000,0 days 00:00:36.946000,0 days 00:00:21.040000,HARD,37.0,78.412,20.426,36.946,21.04,SAI,2024,Monaco
39.0,0 days 00:01:18.310000,0 days 00:00:20.442000,0 days 00:00:36.841000,0 days 00:00:21.027000,HARD,38.0,78.31,20.442,36.841,21.027,SAI,2024,Monaco
40.0,0 days 00:01:18.653000,0 days 00:00:20.481000,0 days 00:00:37.154000,0 days 00:00:21.018000,HARD,39.0,78.653,20.481,37.154,21.018,SAI,2024,Monaco
41.0,0 days 00:01:18.714000,0 days 00:00:20.530000,0 days 00:00:36.995000,0 days 00:00:21.189000,HARD,40.0,78.714,20.53,36.995,21.189,SAI,2024,Monaco
42.0,0 days 00:01:19.171000,0 days 00:00:20.582000,0 days 00:00:37.260000,0 days 00:00:21.329000,HARD,41.0,79.171,20.582,37.26,21.329,SAI,2024,Monaco
43.0,0 days 00:01:19.594000,0 days 00:00:21.039000,0 days 00:00:37.633000,0 days 00:00:20.922000,HARD,42.0,79.594,21.039,37.633,20.922,SAI,2024,Monaco
44.0,0 days 00:01:18.762000,0 days 00:00:20.543000,0 days 00:00:37.239000,0 days 00:00:20.980000,HARD,43.0,78.762,20.543,37.239,20.98,SAI,2024,Monaco
45.0,0 days 00:01:17.885000,0 days 00:00:20.411000,0 days 00:00:36.622000,0 days 00:00:20.852000,HARD,44.0,77.885,20.411,36.622,20.852,SAI,2024,Monaco
46.0,0 days 00:01:18.731000,0 days 00:00:20.497000,0 days 00:00:37.133000,0 days 00:00:21.101000,HARD,45.0,78.731,20.497,37.133,21.101,SAI,2024,Monaco
47.0,0 days 00:01:18.141000,0 days 00:00:20.298000,0 days 00:00:36.975000,0 days 00:00:20.868000,HARD,46.0,78.141,20.298,36.975,20.868,SAI,2024,Monaco
48.0,0 days 00:01:17.894000,0 days 00:00:20.338000,0 days 00:00:36.722000,0 days 00:00:20.834000,HARD,47.0,77.894,20.338,36.722,20.834,SAI,2024,Monaco
49.0,0 days 00:01:18.259000,0 days 00:00:20.341000,0 days 00:00:36.857000,0 days 00:00:21.061000,HARD,48.0,78.259,20.341,36.857,21.061,SAI,2024,Monaco
50.0,0 days 00:01:18.545000,0 days 00:00:20.355000,0 days 00:00:37.013000,0 days 00:00:21.177000,HARD,49.0,78.545,20.355,37.013,21.177,SAI,2024,Monaco
51.0,0 days 00:01:17.528000,0 days 00:00:20.188000,0 days 00:00:36.291000,0 days 00:00:21.049000,HARD,50.0,77.528,20.188,36.291,21.049,SAI,2024,Monaco
52.0,0 days 00:01:18.094000,0 days 00:00:20.201000,0 days 00:00:37.137000,0 days 00:00:20.756000,HARD,51.0,78.094,20.201,37.137,20.756,SAI,2024,Monaco
53.0,0 days 00:01:17.759000,0 days 00:00:20.157000,0 days 00:00:36.691000,0 days 00:00:20.911000,HARD,52.0,77.759,20.157,36.691,20.911,SAI,2024,Monaco
54.0,0 days 00:01:17.742000,0 days 00:00:20.413000,0 days 00:00:36.564000,0 days 00:00:20.765000,HARD,53.0,77.742,20.413,36.564,20.765,SAI,2024,Monaco
55.0,0 days 00:01:18.661000,0 days 00:00:20.576000,0 days 00:00:36.805000,0 days 00:00:21.280000,HARD,54.0,78.661,20.576,36.805,21.28,SAI,2024,Monaco
56.0,0 days 00:01:18.119000,0 days 00:00:20.216000,0 days 00:00:36.735000,0 days 00:00:21.168000,HARD,55.0,78.119,20.216,36.735,21.168,SAI,2024,Monaco
57.0,0 days 00:01:17.599000,0 days 00:00:20.374000,0 days 00:00:36.747000,0 days 00:00:20.478000,HARD,56.0,77.599,20.374,36.747,20.478,SAI,2024,Monaco
58.0,0 days 00:01:17.501000,0 days 00:00:20.149000,0 days 00:00:36.716000,0 days 00:00:20.636000,HARD,57.0,77.501,20.149,36.716,20.636,SAI,2024,Monaco
59.0,0 days 00:01:17.134000,0 days 00:00:19.939000,0 days 00:00:36.533000,0 days 00:00:20.662000,HARD,58.0,77.134,19.939,36.533,20.662,SAI,2024,Monaco
60.0,0 days 00:01:15.159000,0 days 00:00:19.647000,0 days 00:00:35.514000,0 days 00:00:19.998000,HARD,59.0,75.159,19.647,35.514,19.998,SAI,2024,Monaco
61.0,0 days 00:01:19.046000,0 days 00:00:21.310000,0 days 00:00:37.090000,0 days 00:00:20.646000,HARD,60.0,79.046,21.31,37.09,20.646,SAI,2024,Monaco
62.0,0 days 00:01:14.726000,0 days 00:00:19.553000,0 days 00:00:35.324000,0 days 00:00:19.849000,HARD,61.0,74.726,19.553,35.324,19.849,SAI,2024,Monaco
63.0,0 days 00:01:18.207000,0 days 00:00:21.060000,0 days 00:00:36.742000,0 days 00:00:20.405000,HARD,62.0,78.207,21.06,36.742,20.405,SAI,2024,Monaco
64.0,0 days 00:01:14.813000,0 days 00:00:19.530000,0 days 00:00:35.266000,0 days 00:00:20.017000,HARD,63.0,74.813,19.53,35.266,20.017,SAI,2024,Monaco
65.0,0 days 00:01:18.137000,0 days 00:00:21.154000,0 days 00:00:36.474000,0 days 00:00:20.509000,HARD,64.0,78.137,21.154,36.474,20.509,SAI,2024,Monaco
66.0,0 days 00:01:15.409000,0 days 00:00:19.569000,0 days 00:00:35.402000,0 days 00:00:20.438000,HARD,65.0,75.409,19.569,35.402,20.438,SAI,2024,Monaco
67.0,0 days 00:01:16.847000,0 days 00:00:20.114000,0 days 00:00:36.085000,0 days 00:00:20.648000,HARD,66.0,76.847,20.114,36.085,20.648,SAI,2024,Monaco
68.0,0 days 00:01:15.595000,0 days 00:00:19.608000,0 days 00:00:35.735000,0 days 00:00:20.252000,HARD,67.0,75.595,19.608,35.735,20.252,SAI,2024,Monaco
69.0,0 days 00:01:16.218000,0 days 00:00:19.774000,0 days 00:00:35.973000,0 days 00:00:20.471000,HARD,68.0,76.218,19.774,35.973,20.471,SAI,2024,Monaco
70.0,0 days 00:01:17.117000,0 days 00:00:20.617000,0 days 00:00:36.116000,0 days 00:00:20.384000,HARD,69.0,77.117,20.617,36.116,20.384,SAI,2024,Monaco
71.0,0 days 00:01:17.214000,0 days 00:00:20.273000,0 days 00:00:36.514000,0 days 00:00:20.427000,HARD,70.0,77.214,20.273,36.514,20.427,SAI,2024,Monaco
72.0,0 days 00:01:16.785000,0 days 00:00:20.165000,0 days 00:00:36.227000,0 days 00:00:20.393000,HARD,71.0,76.785,20.165,36.227,20.393,SAI,2024,Monaco
73.0,0 days 00:01:16.417000,0 days 00:00:19.958000,0 days 00:00:36.034000,0 days 00:00:20.425000,HARD,72.0,76.417,19.958,36.034,20.425,SAI,2024,Monaco
74.0,0 days 00:01:16.063000,0 days 00:00:19.809000,0 days 00:00:35.971000,0 days 00:00:20.283000,HARD,73.0,76.063,19.809,35.971,20.283,SAI,2024,Monaco
75.0,0 days 00:01:16.905000,0 days 00:00:20.098000,0 days 00:00:36.302000,0 days 00:00:20.505000,HARD,74.0,76.905,20.098,36.302,20.505,SAI,2024,Monaco
76.0,0 days 00:01:16.328000,0 days 00:00:19.844000,0 days 00:00:36.063000,0 days 00:00:20.421000,HARD,75.0,76.328,19.844,36.063,20.421,SAI,2024,Monaco
77.0,0 days 00:01:16.701000,0 days 00:00:20.059000,0 days 00:00:36.361000,0 days 00:00:20.281000,HARD,76.0,76.701,20.059,36.361,20.281,SAI,2024,Monaco
78.0,0 days 00:01:17.072000,0 days 00:00:20.086000,0 days 00:00:36.430000,0 days 00:00:20.556000,HARD,77.0,77.072,20.086,36.43,20.556,SAI,2024,Monaco
12.0,0 days 00:01:20.316000,0 days 00:00:21.458000,0 days 00:00:37.547000,0 days 00:00:21.311000,MEDIUM,11.0,80.316,21.458,37.547,21.311,RUS,2024,Monaco
14.0,0 days 00:01:20.272000,0 days 00:00:21.224000,0 days 00:00:37.519000,0 days 00:00:21.529000,MEDIUM,13.0,80.272,21.224,37.519,21.529,RUS,2024,Monaco
15.0,0 days 00:01:20.202000,0 days 00:00:21.203000,0 days 00:00:37.551000,0 days 00:00:21.448000,MEDIUM,14.0,80.202,21.203,37.551,21.448,RUS,2024,Monaco
16.0,0 days 00:01:19.913000,0 days 00:00:21.301000,0 days 00:00:37.484000,0 days 00:00:21.128000,MEDIUM,15.0,79.913,21.301,37.484,21.128,RUS,2024,Monaco
17.0,0 days 00:01:20.150000,0 days 00:00:21.408000,0 days 00:00:37.437000,0 days 00:00:21.305000,MEDIUM,16.0,80.15,21.408,37.437,21.305,RUS,2024,Monaco
18.0,0 days 00:01:19.438000,0 days 00:00:21.248000,0 days 00:00:36.992000,0 days 00:00:21.198000,MEDIUM,17.0,79.438,21.248,36.992,21.198,RUS,2024,Monaco
19.0,0 days 00:01:20.157000,0 days 00:00:21.402000,0 days 00:00:37.398000,0 days 00:00:21.357000,MEDIUM,18.0,80.157,21.402,37.398,21.357,RUS,2024,Monaco
20.0,0 days 00:01:20.053000,0 days 00:00:21.161000,0 days 00:00:37.471000,0 days 00:00:21.421000,MEDIUM,19.0,80.053,21.161,37.471,21.421,RUS,2024,Monaco
21.0,0 days 00:01:19.788000,0 days 00:00:21.174000,0 days 00:00:37.427000,0 days 00:00:21.187000,MEDIUM,20.0,79.788,21.174,37.427,21.187,RUS,2024,Monaco
22.0,0 days 00:01:19.691000,0 days 00:00:21.336000,0 days 00:00:37.159000,0 days 00:00:21.196000,MEDIUM,21.0,79.691,21.336,37.159,21.196,RUS,2024,Monaco
23.0,0 days 00:01:19.397000,0 days 00:00:21.109000,0 days 00:00:37.080000,0 days 00:00:21.208000,MEDIUM,22.0,79.397,21.109,37.08,21.208,RUS,2024,Monaco
24.0,0 days 00:01:19.484000,0 days 00:00:21.193000,0 days 00:00:37.075000,0 days 00:00:21.216000,MEDIUM,23.0,79.484,21.193,37.075,21.216,RUS,2024,Monaco
25.0,0 days 00:01:18.651000,0 days 00:00:20.910000,0 days 00:00:36.745000,0 days 00:00:20.996000,MEDIUM,24.0,78.651,20.91,36.745,20.996,RUS,2024,Monaco
26.0,0 days 00:01:19.006000,0 days 00:00:21.449000,0 days 00:00:36.653000,0 days 00:00:20.904000,MEDIUM,25.0,79.006,21.449,36.653,20.904,RUS,2024,Monaco
27.0,0 days 00:01:18.927000,0 days 00:00:21.081000,0 days 00:00:36.831000,0 days 00:00:21.015000,MEDIUM,26.0,78.927,21.081,36.831,21.015,RUS,2024,Monaco
28.0,0 days 00:01:18.679000,0 days 00:00:21.106000,0 days 00:00:36.676000,0 days 00:00:20.897000,MEDIUM,27.0,78.679,21.106,36.676,20.897,RUS,2024,Monaco
29.0,0 days 00:01:18.624000,0 days 00:00:21.067000,0 days 00:00:36.636000,0 days 00:00:20.921000,MEDIUM,28.0,78.624,21.067,36.636,20.921,RUS,2024,Monaco
30.0,0 days 00:01:18.811000,0 days 00:00:21.195000,0 days 00:00:36.618000,0 days 00:00:20.998000,MEDIUM,29.0,78.811,21.195,36.618,20.998,RUS,2024,Monaco
31.0,0 days 00:01:19.101000,0 days 00:00:21.076000,0 days 00:00:36.695000,0 days 00:00:21.330000,MEDIUM,30.0,79.101,21.076,36.695,21.33,RUS,2024,Monaco
32.0,0 days 00:01:19.122000,0 days 00:00:20.993000,0 days 00:00:37.092000,0 days 00:00:21.037000,MEDIUM,31.0,79.122,20.993,37.092,21.037,RUS,2024,Monaco
33.0,0 days 00:01:18.910000,0 days 00:00:20.991000,0 days 00:00:36.737000,0 days 00:00:21.182000,MEDIUM,32.0,78.91,20.991,36.737,21.182,RUS,2024,Monaco
34.0,0 days 00:01:19.379000,0 days 00:00:21.252000,0 days 00:00:36.937000,0 days 00:00:21.190000,MEDIUM,33.0,79.379,21.252,36.937,21.19,RUS,2024,Monaco
35.0,0 days 00:01:20.448000,0 days 00:00:21.603000,0 days 00:00:37.625000,0 days 00:00:21.220000,MEDIUM,34.0,80.448,21.603,37.625,21.22,RUS,2024,Monaco
36.0,0 days 00:01:19.728000,0 days 00:00:21.254000,0 days 00:00:37.243000,0 days 00:00:21.231000,MEDIUM,35.0,79.728,21.254,37.243,21.231,RUS,2024,Monaco
37.0,0 days 00:01:18.757000,0 days 00:00:21.135000,0 days 00:00:36.783000,0 days 00:00:20.839000,MEDIUM,36.0,78.757,21.135,36.783,20.839,RUS,2024,Monaco
38.0,0 days 00:01:18.446000,0 days 00:00:21.051000,0 days 00:00:36.540000,0 days 00:00:20.855000,MEDIUM,37.0,78.446,21.051,36.54,20.855,RUS,2024,Monaco
39.0,0 days 00:01:18.450000,0 days 00:00:21.063000,0 days 00:00:36.681000,0 days 00:00:20.706000,MEDIUM,38.0,78.45,21.063,36.681,20.706,RUS,2024,Monaco
40.0,0 days 00:01:18.139000,0 days 00:00:21.011000,0 days 00:00:36.308000,0 days 00:00:20.820000,MEDIUM,39.0,78.139,21.011,36.308,20.82,RUS,2024,Monaco
41.0,0 days 00:01:18.308000,0 days 00:00:20.912000,0 days 00:00:36.558000,0 days 00:00:20.838000,MEDIUM,40.0,78.308,20.912,36.558,20.838,RUS,2024,Monaco
42.0,0 days 00:01:18.204000,0 days 00:00:20.877000,0 days 00:00:36.481000,0 days 00:00:20.846000,MEDIUM,41.0,78.204,20.877,36.481,20.846,RUS,2024,Monaco
43.0,0 days 00:01:18.684000,0 days 00:00:20.878000,0 days 00:00:36.662000,0 days 00:00:21.144000,MEDIUM,42.0,78.684,20.878,36.662,21.144,RUS,2024,Monaco
44.0,0 days 00:01:18.177000,0 days 00:00:20.798000,0 days 00:00:36.462000,0 days 00:00:20.917000,MEDIUM,43.0,78.177,20.798,36.462,20.917,RUS,2024,Monaco
45.0,0 days 00:01:18.449000,0 days 00:00:20.914000,0 days 00:00:36.740000,0 days 00:00:20.795000,MEDIUM,44.0,78.449,20.914,36.74,20.795,RUS,2024,Monaco
46.0,0 days 00:01:18.387000,0 days 00:00:20.904000,0 days 00:00:36.537000,0 days 00:00:20.946000,MEDIUM,45.0,78.387,20.904,36.537,20.946,RUS,2024,Monaco
47.0,0 days 00:01:18.314000,0 days 00:00:20.768000,0 days 00:00:36.519000,0 days 00:00:21.027000,MEDIUM,46.0,78.314,20.768,36.519,21.027,RUS,2024,Monaco
48.0,0 days 00:01:18.702000,0 days 00:00:20.917000,0 days 00:00:36.851000,0 days 00:00:20.934000,MEDIUM,47.0,78.702,20.917,36.851,20.934,RUS,2024,Monaco
49.0,0 days 00:01:18.985000,0 days 00:00:20.975000,0 days 00:00:36.845000,0 days 00:00:21.165000,MEDIUM,48.0,78.985,20.975,36.845,21.165,RUS,2024,Monaco
50.0,0 days 00:01:18.447000,0 days 00:00:21.009000,0 days 00:00:36.565000,0 days 00:00:20.873000,MEDIUM,49.0,78.447,21.009,36.565,20.873,RUS,2024,Monaco
51.0,0 days 00:01:18.049000,0 days 00:00:20.754000,0 days 00:00:36.461000,0 days 00:00:20.834000,MEDIUM,50.0,78.049,20.754,36.461,20.834,RUS,2024,Monaco
52.0,0 days 00:01:18.602000,0 days 00:00:20.742000,0 days 00:00:36.669000,0 days 00:00:21.191000,MEDIUM,51.0,78.602,20.742,36.669,21.191,RUS,2024,Monaco
54.0,0 days 00:01:18.201000,0 days 00:00:20.753000,0 days 00:00:36.599000,0 days 00:00:20.849000,MEDIUM,53.0,78.201,20.753,36.599,20.849,RUS,2024,Monaco
55.0,0 days 00:01:17.305000,0 days 00:00:20.747000,0 days 00:00:36.050000,0 days 00:00:20.508000,MEDIUM,54.0,77.305,20.747,36.05,20.508,RUS,2024,Monaco
56.0,0 days 00:01:17.071000,0 days 00:00:20.490000,0 days 00:00:36.009000,0 days 00:00:20.572000,MEDIUM,55.0,77.071,20.49,36.009,20.572,RUS,2024,Monaco
57.0,0 days 00:01:16.910000,0 days 00:00:20.542000,0 days 00:00:35.880000,0 days 00:00:20.488000,MEDIUM,56.0,76.91,20.542,35.88,20.488,RUS,2024,Monaco
58.0,0 days 00:01:17.142000,0 days 00:00:20.435000,0 days 00:00:36.079000,0 days 00:00:20.628000,MEDIUM,57.0,77.142,20.435,36.079,20.628,RUS,2024,Monaco
59.0,0 days 00:01:16.842000,0 days 00:00:20.416000,0 days 00:00:35.875000,0 days 00:00:20.551000,MEDIUM,58.0,76.842,20.416,35.875,20.551,RUS,2024,Monaco
60.0,0 days 00:01:16.604000,0 days 00:00:20.034000,0 days 00:00:36.124000,0 days 00:00:20.446000,MEDIUM,59.0,76.604,20.034,36.124,20.446,RUS,2024,Monaco
61.0,0 days 00:01:16.697000,0 days 00:00:20.384000,0 days 00:00:35.786000,0 days 00:00:20.527000,MEDIUM,60.0,76.697,20.384,35.786,20.527,RUS,2024,Monaco
62.0,0 days 00:01:16.787000,0 days 00:00:20.251000,0 days 00:00:36.072000,0 days 00:00:20.464000,MEDIUM,61.0,76.787,20.251,36.072,20.464,RUS,2024,Monaco
63.0,0 days 00:01:16.581000,0 days 00:00:20.073000,0 days 00:00:35.838000,0 days 00:00:20.670000,MEDIUM,62.0,76.581,20.073,35.838,20.67,RUS,2024,Monaco
64.0,0 days 00:01:16.133000,0 days 00:00:20.219000,0 days 00:00:35.530000,0 days 00:00:20.384000,MEDIUM,63.0,76.133,20.219,35.53,20.384,RUS,2024,Monaco
65.0,0 days 00:01:15.651000,0 days 00:00:19.764000,0 days 00:00:35.606000,0 days 00:00:20.281000,MEDIUM,64.0,75.651,19.764,35.606,20.281,RUS,2024,Monaco
66.0,0 days 00:01:15.848000,0 days 00:00:19.709000,0 days 00:00:35.781000,0 days 00:00:20.358000,MEDIUM,65.0,75.848,19.709,35.781,20.358,RUS,2024,Monaco
67.0,0 days 00:01:16.157000,0 days 00:00:20.043000,0 days 00:00:35.724000,0 days 00:00:20.390000,MEDIUM,66.0,76.157,20.043,35.724,20.39,RUS,2024,Monaco
68.0,0 days 00:01:15.931000,0 days 00:00:19.945000,0 days 00:00:35.671000,0 days 00:00:20.315000,MEDIUM,67.0,75.931,19.945,35.671,20.315,RUS,2024,Monaco
69.0,0 days 00:01:15.869000,0 days 00:00:19.910000,0 days 00:00:35.697000,0 days 00:00:20.262000,MEDIUM,68.0,75.869,19.91,35.697,20.262,RUS,2024,Monaco
70.0,0 days 00:01:15.251000,0 days 00:00:19.673000,0 days 00:00:35.416000,0 days 00:00:20.162000,MEDIUM,69.0,75.251,19.673,35.416,20.162,RUS,2024,Monaco
71.0,0 days 00:01:15.827000,0 days 00:00:19.690000,0 days 00:00:35.736000,0 days 00:00:20.401000,MEDIUM,70.0,75.827,19.69,35.736,20.401,RUS,2024,Monaco
72.0,0 days 00:01:15.839000,0 days 00:00:19.735000,0 days 00:00:35.841000,0 days 00:00:20.263000,MEDIUM,71.0,75.839,19.735,35.841,20.263,RUS,2024,Monaco
73.0,0 days 00:01:15.228000,0 days 00:00:19.584000,0 days 00:00:35.408000,0 days 00:00:20.236000,MEDIUM,72.0,75.228,19.584,35.408,20.236,RUS,2024,Monaco
74.0,0 days 00:01:15.376000,0 days 00:00:19.700000,0 days 00:00:35.512000,0 days 00:00:20.164000,MEDIUM,73.0,75.376,19.7,35.512,20.164,RUS,2024,Monaco
75.0,0 days 00:01:15.525000,0 days 00:00:19.694000,0 days 00:00:35.518000,0 days 00:00:20.313000,MEDIUM,74.0,75.525,19.694,35.518,20.313,RUS,2024,Monaco
76.0,0 days 00:01:15.753000,0 days 00:00:19.783000,0 days 00:00:35.639000,0 days 00:00:20.331000,MEDIUM,75.0,75.753,19.783,35.639,20.331,RUS,2024,Monaco
77.0,0 days 00:01:15.532000,0 days 00:00:19.620000,0 days 00:00:35.607000,0 days 00:00:20.305000,MEDIUM,76.0,75.532,19.62,35.607,20.305,RUS,2024,Monaco
78.0,0 days 00:01:16.303000,0 days 00:00:19.846000,0 days 00:00:35.851000,0 days 00:00:20.606000,MEDIUM,77.0,76.303,19.846,35.851,20.606,RUS,2024,Monaco
6.0,0 days 00:01:22.711000,0 days 00:00:21.899000,0 days 00:00:38.932000,0 days 00:00:21.880000,MEDIUM,6.0,82.711,21.899,38.932,21.88,ALO,2024,Monaco
7.0,0 days 00:01:22.866000,0 days 00:00:22.196000,0 days 00:00:38.682000,0 days 00:00:21.988000,MEDIUM,7.0,82.866,22.196,38.682,21.988,ALO,2024,Monaco
8.0,0 days 00:01:22.284000,0 days 00:00:21.774000,0 days 00:00:38.297000,0 days 00:00:22.213000,MEDIUM,8.0,82.284,21.774,38.297,22.213,ALO,2024,Monaco
9.0,0 days 00:01:21.650000,0 days 00:00:21.431000,0 days 00:00:38.194000,0 days 00:00:22.025000,MEDIUM,9.0,81.65,21.431,38.194,22.025,ALO,2024,Monaco
10.0,0 days 00:01:21.864000,0 days 00:00:21.673000,0 days 00:00:38.362000,0 days 00:00:21.829000,MEDIUM,10.0,81.864,21.673,38.362,21.829,ALO,2024,Monaco
11.0,0 days 00:01:21.418000,0 days 00:00:21.680000,0 days 00:00:38.074000,0 days 00:00:21.664000,MEDIUM,11.0,81.418,21.68,38.074,21.664,ALO,2024,Monaco
12.0,0 days 00:01:21.366000,0 days 00:00:21.601000,0 days 00:00:38.025000,0 days 00:00:21.740000,MEDIUM,12.0,81.366,21.601,38.025,21.74,ALO,2024,Monaco
13.0,0 days 00:01:21.428000,0 days 00:00:21.616000,0 days 00:00:37.967000,0 days 00:00:21.845000,MEDIUM,13.0,81.428,21.616,37.967,21.845,ALO,2024,Monaco
14.0,0 days 00:01:21.392000,0 days 00:00:21.713000,0 days 00:00:37.752000,0 days 00:00:21.927000,MEDIUM,14.0,81.392,21.713,37.752,21.927,ALO,2024,Monaco
15.0,0 days 00:01:21.061000,0 days 00:00:21.355000,0 days 00:00:37.933000,0 days 00:00:21.773000,MEDIUM,15.0,81.061,21.355,37.933,21.773,ALO,2024,Monaco
16.0,0 days 00:01:21.318000,0 days 00:00:21.107000,0 days 00:00:38.215000,0 days 00:00:21.996000,MEDIUM,16.0,81.318,21.107,38.215,21.996,ALO,2024,Monaco
17.0,0 days 00:01:20.799000,0 days 00:00:21.278000,0 days 00:00:37.763000,0 days 00:00:21.758000,MEDIUM,17.0,80.799,21.278,37.763,21.758,ALO,2024,Monaco
18.0,0 days 00:01:21.075000,0 days 00:00:21.516000,0 days 00:00:37.919000,0 days 00:00:21.640000,MEDIUM,18.0,81.075,21.516,37.919,21.64,ALO,2024,Monaco
19.0,0 days 00:01:20.605000,0 days 00:00:21.373000,0 days 00:00:37.682000,0 days 00:00:21.550000,MEDIUM,19.0,80.605,21.373,37.682,21.55,ALO,2024,Monaco
20.0,0 days 00:01:21.110000,0 days 00:00:21.232000,0 days 00:00:37.966000,0 days 00:00:21.912000,MEDIUM,20.0,81.11,21.232,37.966,21.912,ALO,2024,Monaco
21.0,0 days 00:01:20.317000,0 days 00:00:20.942000,0 days 00:00:37.709000,0 days 00:00:21.666000,MEDIUM,21.0,80.317,20.942,37.709,21.666,ALO,2024,Monaco
22.0,0 days 00:01:21.037000,0 days 00:00:21.098000,0 days 00:00:38.045000,0 days 00:00:21.894000,MEDIUM,22.0,81.037,21.098,38.045,21.894,ALO,2024,Monaco
23.0,0 days 00:01:20.246000,0 days 00:00:21.273000,0 days 00:00:37.462000,0 days 00:00:21.511000,MEDIUM,23.0,80.246,21.273,37.462,21.511,ALO,2024,Monaco
24.0,0 days 00:01:21.413000,0 days 00:00:20.990000,0 days 00:00:38.131000,0 days 00:00:22.292000,MEDIUM,24.0,81.413,20.99,38.131,22.292,ALO,2024,Monaco
25.0,0 days 00:01:21.091000,0 days 00:00:21.312000,0 days 00:00:38.033000,0 days 00:00:21.746000,MEDIUM,25.0,81.091,21.312,38.033,21.746,ALO,2024,Monaco
26.0,0 days 00:01:20.858000,0 days 00:00:21.459000,0 days 00:00:37.846000,0 days 00:00:21.553000,MEDIUM,26.0,80.858,21.459,37.846,21.553,ALO,2024,Monaco
27.0,0 days 00:01:21.303000,0 days 00:00:21.592000,0 days 00:00:37.890000,0 days 00:00:21.821000,MEDIUM,27.0,81.303,21.592,37.89,21.821,ALO,2024,Monaco
28.0,0 days 00:01:21.544000,0 days 00:00:21.722000,0 days 00:00:37.884000,0 days 00:00:21.938000,MEDIUM,28.0,81.544,21.722,37.884,21.938,ALO,2024,Monaco
29.0,0 days 00:01:21.205000,0 days 00:00:21.626000,0 days 00:00:38.024000,0 days 00:00:21.555000,MEDIUM,29.0,81.205,21.626,38.024,21.555,ALO,2024,Monaco
30.0,0 days 00:01:21.034000,0 days 00:00:21.707000,0 days 00:00:37.404000,0 days 00:00:21.923000,MEDIUM,30.0,81.034,21.707,37.404,21.923,ALO,2024,Monaco
31.0,0 days 00:01:20.642000,0 days 00:00:21.442000,0 days 00:00:37.792000,0 days 00:00:21.408000,MEDIUM,31.0,80.642,21.442,37.792,21.408,ALO,2024,Monaco
32.0,0 days 00:01:21.010000,0 days 00:00:21.681000,0 days 00:00:37.433000,0 days 00:00:21.896000,MEDIUM,32.0,81.01,21.681,37.433,21.896,ALO,2024,Monaco
33.0,0 days 00:01:20.350000,0 days 00:00:21.174000,0 days 00:00:37.679000,0 days 00:00:21.497000,MEDIUM,33.0,80.35,21.174,37.679,21.497,ALO,2024,Monaco
34.0,0 days 00:01:20.877000,0 days 00:00:21.407000,0 days 00:00:37.844000,0 days 00:00:21.626000,MEDIUM,34.0,80.877,21.407,37.844,21.626,ALO,2024,Monaco
35.0,0 days 00:01:20.432000,0 days 00:00:21.123000,0 days 00:00:37.814000,0 days 00:00:21.495000,MEDIUM,35.0,80.432,21.123,37.814,21.495,ALO,2024,Monaco
36.0,0 days 00:01:21.128000,0 days 00:00:21.543000,0 days 00:00:38.239000,0 days 00:00:21.346000,MEDIUM,36.0,81.128,21.543,38.239,21.346,ALO,2024,Monaco
37.0,0 days 00:01:21.512000,0 days 00:00:21.648000,0 days 00:00:38.268000,0 days 00:00:21.596000,MEDIUM,37.0,81.512,21.648,38.268,21.596,ALO,2024,Monaco
38.0,0 days 00:01:21.082000,0 days 00:00:21.437000,0 days 00:00:38.207000,0 days 00:00:21.438000,MEDIUM,38.0,81.082,21.437,38.207,21.438,ALO,2024,Monaco
39.0,0 days 00:01:21.265000,0 days 00:00:21.464000,0 days 00:00:38.197000,0 days 00:00:21.604000,MEDIUM,39.0,81.265,21.464,38.197,21.604,ALO,2024,Monaco
40.0,0 days 00:01:20.755000,0 days 00:00:21.321000,0 days 00:00:38.087000,0 days 00:00:21.347000,MEDIUM,40.0,80.755,21.321,38.087,21.347,ALO,2024,Monaco
42.0,0 days 00:01:23.332000,0 days 00:00:23.949000,0 days 00:00:38.112000,0 days 00:00:21.271000,MEDIUM,42.0,83.332,23.949,38.112,21.271,ALO,2024,Monaco
43.0,0 days 00:01:20.286000,0 days 00:00:20.975000,0 days 00:00:37.871000,0 days 00:00:21.440000,MEDIUM,43.0,80.286,20.975,37.871,21.44,ALO,2024,Monaco
44.0,0 days 00:01:18.852000,0 days 00:00:20.449000,0 days 00:00:37.160000,0 days 00:00:21.243000,MEDIUM,44.0,78.852,20.449,37.16,21.243,ALO,2024,Monaco
45.0,0 days 00:01:19.956000,0 days 00:00:20.812000,0 days 00:00:37.559000,0 days 00:00:21.585000,MEDIUM,45.0,79.956,20.812,37.559,21.585,ALO,2024,Monaco
46.0,0 days 00:01:18.928000,0 days 00:00:20.659000,0 days 00:00:37.129000,0 days 00:00:21.140000,MEDIUM,46.0,78.928,20.659,37.129,21.14,ALO,2024,Monaco
47.0,0 days 00:01:19.109000,0 days 00:00:20.636000,0 days 00:00:37.285000,0 days 00:00:21.188000,MEDIUM,47.0,79.109,20.636,37.285,21.188,ALO,2024,Monaco
48.0,0 days 00:01:20.315000,0 days 00:00:20.454000,0 days 00:00:37.439000,0 days 00:00:22.422000,MEDIUM,48.0,80.315,20.454,37.439,22.422,ALO,2024,Monaco
49.0,0 days 00:01:19.837000,0 days 00:00:21.329000,0 days 00:00:37.218000,0 days 00:00:21.290000,MEDIUM,49.0,79.837,21.329,37.218,21.29,ALO,2024,Monaco
50.0,0 days 00:01:19.334000,0 days 00:00:21.010000,0 days 00:00:37.161000,0 days 00:00:21.163000,MEDIUM,50.0,79.334,21.01,37.161,21.163,ALO,2024,Monaco
51.0,0 days 00:01:20.636000,0 days 00:00:20.839000,0 days 00:00:37.908000,0 days 00:00:21.889000,MEDIUM,51.0,80.636,20.839,37.908,21.889,ALO,2024,Monaco
52.0,0 days 00:01:23.377000,0 days 00:00:21.575000,0 days 00:00:40.300000,0 days 00:00:21.502000,MEDIUM,52.0,83.377,21.575,40.3,21.502,ALO,2024,Monaco
53.0,0 days 00:01:19.992000,0 days 00:00:20.927000,0 days 00:00:37.618000,0 days 00:00:21.447000,MEDIUM,53.0,79.992,20.927,37.618,21.447,ALO,2024,Monaco
54.0,0 days 00:01:19.191000,0 days 00:00:20.821000,0 days 00:00:37.085000,0 days 00:00:21.285000,MEDIUM,54.0,79.191,20.821,37.085,21.285,ALO,2024,Monaco
55.0,0 days 00:01:19.411000,0 days 00:00:20.897000,0 days 00:00:37.211000,0 days 00:00:21.303000,MEDIUM,55.0,79.411,20.897,37.211,21.303,ALO,2024,Monaco
56.0,0 days 00:01:20.739000,0 days 00:00:20.958000,0 days 00:00:38.563000,0 days 00:00:21.218000,MEDIUM,56.0,80.739,20.958,38.563,21.218,ALO,2024,Monaco
57.0,0 days 00:01:20.600000,0 days 00:00:20.709000,0 days 00:00:38.543000,0 days 00:00:21.348000,MEDIUM,57.0,80.6,20.709,38.543,21.348,ALO,2024,Monaco
58.0,0 days 00:01:19.229000,0 days 00:00:20.768000,0 days 00:00:37.325000,0 days 00:00:21.136000,MEDIUM,58.0,79.229,20.768,37.325,21.136,ALO,2024,Monaco
59.0,0 days 00:01:19.219000,0 days 00:00:20.848000,0 days 00:00:37.175000,0 days 00:00:21.196000,MEDIUM,59.0,79.219,20.848,37.175,21.196,ALO,2024,Monaco
60.0,0 days 00:01:19.166000,0 days 00:00:20.950000,0 days 00:00:37.120000,0 days 00:00:21.096000,MEDIUM,60.0,79.166,20.95,37.12,21.096,ALO,2024,Monaco
61.0,0 days 00:01:18.752000,0 days 00:00:20.746000,0 days 00:00:36.978000,0 days 00:00:21.028000,MEDIUM,61.0,78.752,20.746,36.978,21.028,ALO,2024,Monaco
62.0,0 days 00:01:18.816000,0 days 00:00:20.780000,0 days 00:00:37.033000,0 days 00:00:21.003000,MEDIUM,62.0,78.816,20.78,37.033,21.003,ALO,2024,Monaco
63.0,0 days 00:01:18.556000,0 days 00:00:20.520000,0 days 00:00:37.030000,0 days 00:00:21.006000,MEDIUM,63.0,78.556,20.52,37.03,21.006,ALO,2024,Monaco
64.0,0 days 00:01:18.736000,0 days 00:00:20.603000,0 days 00:00:37.073000,0 days 00:00:21.060000,MEDIUM,64.0,78.736,20.603,37.073,21.06,ALO,2024,Monaco
65.0,0 days 00:01:18.633000,0 days 00:00:20.501000,0 days 00:00:37.104000,0 days 00:00:21.028000,MEDIUM,65.0,78.633,20.501,37.104,21.028,ALO,2024,Monaco
66.0,0 days 00:01:18.637000,0 days 00:00:20.477000,0 days 00:00:37.185000,0 days 00:00:20.975000,MEDIUM,66.0,78.637,20.477,37.185,20.975,ALO,2024,Monaco
67.0,0 days 00:01:18.126000,0 days 00:00:20.430000,0 days 00:00:36.803000,0 days 00:00:20.893000,MEDIUM,67.0,78.126,20.43,36.803,20.893,ALO,2024,Monaco
68.0,0 days 00:01:17.939000,0 days 00:00:20.313000,0 days 00:00:36.659000,0 days 00:00:20.967000,MEDIUM,68.0,77.939,20.313,36.659,20.967,ALO,2024,Monaco
69.0,0 days 00:01:18.713000,0 days 00:00:20.291000,0 days 00:00:36.863000,0 days 00:00:21.559000,MEDIUM,69.0,78.713,20.291,36.863,21.559,ALO,2024,Monaco
70.0,0 days 00:01:18.473000,0 days 00:00:20.526000,0 days 00:00:37.059000,0 days 00:00:20.888000,MEDIUM,70.0,78.473,20.526,37.059,20.888,ALO,2024,Monaco
71.0,0 days 00:01:18.133000,0 days 00:00:20.279000,0 days 00:00:36.942000,0 days 00:00:20.912000,MEDIUM,71.0,78.133,20.279,36.942,20.912,ALO,2024,Monaco
72.0,0 days 00:01:18.081000,0 days 00:00:20.306000,0 days 00:00:36.945000,0 days 00:00:20.830000,MEDIUM,72.0,78.081,20.306,36.945,20.83,ALO,2024,Monaco
73.0,0 days 00:01:18.504000,0 days 00:00:20.282000,0 days 00:00:37.265000,0 days 00:00:20.957000,MEDIUM,73.0,78.504,20.282,37.265,20.957,ALO,2024,Monaco
74.0,0 days 00:01:20.336000,0 days 00:00:20.465000,0 days 00:00:38.628000,0 days 00:00:21.243000,MEDIUM,74.0,80.336,20.465,38.628,21.243,ALO,2024,Monaco
75.0,0 days 00:01:18.663000,0 days 00:00:20.459000,0 days 00:00:37.336000,0 days 00:00:20.868000,MEDIUM,75.0,78.663,20.459,37.336,20.868,ALO,2024,Monaco
76.0,0 days 00:01:19.053000,0 days 00:00:20.583000,0 days 00:00:37.332000,0 days 00:00:21.138000,MEDIUM,76.0,79.053,20.583,37.332,21.138,ALO,2024,Monaco
